SNo,Year,State_UT,City,Road_Classification,Mode_of_Transport,Total_Accidents,Persons_Injured,Persons_Killed,Accident_Cause,Time_of_Accident,Road_Condition,Light_Condition,Weather_Condition,Injury_Severity,Junction_Type,Source
233,2022,Mizoram,Mizoram,Other Roads,Two-Wheeler,7997,19287,881,Use of Mobile Phone,00:00-06:00,Potholed,Dark - No Street Light,Foggy,Grievous Injury,T-Junction,data.gov.in - Ministry of Road Transport & Highways
234,2019,Jammu & Kashmir,Jammu,City Roads,Auto-Rickshaw,5539,4812,1523,Wrong Side Driving,12:00-15:00,Dry,Dark - Street Light On,Misty,Fatal,Y-Junction,data.gov.in - Ministry of Road Transport & Highways
235,2020,Assam,Guwahati,Other Roads,Car/Jeep/Taxi,11423,16907,2894,Jumping Red Light,15:00-18:00,Potholed,Dark - Street Light On,Cloudy,Minor Injury,Y-Junction,data.gov.in - Ministry of Road Transport & Highways
236,2023,Chhattisgarh,Durg,Expressway,Bus,6133,14921,1889,Bad Road Condition,18:00-21:00,Under Repair,Dark - No Street Light,Rainy,Grievous Injury,Y-Junction,data.gov.in - Ministry of Road Transport & Highways
237,2021,Haryana,Gurgaon,State Highway,Auto-Rickshaw,6197,15095,568,Vehicle Defect,21:00-24:00,Wet,Daylight,Rainy,Grievous Injury,T-Junction,data.gov.in - Ministry of Road Transport & Highways
238,2020,Arunachal Pradesh,Arunachal Pradesh,City Roads,Truck/Lorry,4843,7668,1203,Use of Mobile Phone,15:00-18:00,Wet,Daylight,Clear,Grievous Injury,Four-Arm Junction,data.gov.in - Ministry of Road Transport & Highways
239,2022,Chhattisgarh,Durg,City Roads,Car/Jeep/Taxi,11992,28056,3931,Over Speeding,09:00-12:00,Wet,Daylight,Misty,Minor Injury,Four-Arm Junction,data.gov.in - Ministry of Road Transport & Highways
240,2023,Dadra & Nagar Haveli,Dadra & Nagar Haveli,National Highway,Pedestrian,8007,15029,1661,Use of Mobile Phone,15:00-18:00,Wet,Dusk/Dawn,Clear,Fatal,No Junction,data.gov.in - Ministry of Road Transport & Highways
241,2021,Andaman & Nicobar Islands,Andaman & Nicobar Islands,State Highway,Truck/Lorry,959,2081,87,Vehicle Defect,09:00-12:00,Flooded,Dark - No Street Light,Misty,Grievous Injury,Four-Arm Junction,data.gov.in - Ministry of Road Transport & Highways
242,2022,Bihar,Gaya,City Roads,Others,6364,7605,884,Use of Mobile Phone,06:00-09:00,Under Repair,Dark - No Street Light,Clear,Grievous Injury,Roundabout,data.gov.in - Ministry of Road Transport & Highways
243,2021,Kerala,Kochi,City Roads,Two-Wheeler,6078,13691,337,Wrong Side Driving,21:00-24:00,Potholed,Dark - No Street Light,Rainy,Minor Injury,Roundabout,data.gov.in - Ministry of Road Transport & Highways
244,2023,Karnataka,Mangaluru,State Highway,Pedestrian,3398,2817,866,Over Speeding,21:00-24:00,Wet,Dusk/Dawn,Misty,No Injury,No Junction,data.gov.in - Ministry of Road Transport & Highways
245,2020,Himachal Pradesh,Himachal Pradesh,State Highway,Bus,10342,25310,1441,Jumping Red Light,15:00-18:00,Dry,Dark - Street Light On,Foggy,Fatal,Roundabout,data.gov.in - Ministry of Road Transport & Highways
246,2019,Manipur,Manipur,Expressway,Bicycle,6421,11409,1313,Tyre Burst,12:00-15:00,Flooded,Dark - No Street Light,Clear,Grievous Injury,T-Junction,data.gov.in - Ministry of Road Transport & Highways
247,2023,Puducherry,Puducherry,State Highway,Others,370,625,114,Tyre Burst,12:00-15:00,Wet,Dark - No Street Light,Misty,No Injury,Y-Junction,data.gov.in - Ministry of Road Transport & Highways
248,2022,Lakshadweep,Lakshadweep,State Highway,Bicycle,2070,4496,575,Tyre Burst,06:00-09:00,Dry,Dark - No Street Light,Misty,No Injury,Four-Arm Junction,data.gov.in - Ministry of Road Transport & Highways
249,2021,Chhattisgarh,Durg,Other Roads,Pedestrian,2835,5793,398,Tyre Burst,06:00-09:00,Potholed,Dark - Street Light On,Rainy,Grievous Injury,Roundabout,data.gov.in - Ministry of Road Transport & Highways
250,2020,Maharashtra,Mumbai,City Roads,Bus,7994,14115,1256,Drunk Driving,00:00-06:00,Flooded,Dark - Street Light On,Rainy,No Injury,No Junction,data.gov.in - Ministry of Road Transport & Highways
251,2022,Haryana,Panipat,National Highway,Car/Jeep/Taxi,5444,6734,696,Poor Weather Visibility,09:00-12:00,Potholed,Dusk/Dawn,Misty,Fatal,T-Junction,data.gov.in - Ministry of Road Transport & Highways
252,2021,Karnataka,Mysuru,Other Roads,Truck/Lorry,6050,4908,776,Jumping Red Light,21:00-24:00,Dry,Dark - No Street Light,Misty,Minor Injury,Roundabout,data.gov.in - Ministry of Road Transport & Highways
253,2020,Telangana,Hyderabad,Other Roads,Two-Wheeler,11049,26614,828,Poor Weather Visibility,21:00-24:00,Potholed,Dusk/Dawn,Cloudy,Fatal,T-Junction,data.gov.in - Ministry of Road Transport & Highways
254,2023,Gujarat,Vadodara,City Roads,Bus,402,863,82,Drunk Driving,18:00-21:00,Potholed,Daylight,Misty,Fatal,Y-Junction,data.gov.in - Ministry of Road Transport & Highways
255,2021,Himachal Pradesh,Himachal Pradesh,City Roads,Car/Jeep/Taxi,11072,23900,603,Improper Lane Changing,15:00-18:00,Potholed,Dark - Street Light On,Misty,Fatal,Four-Arm Junction,data.gov.in - Ministry of Road Transport & Highways
256,2023,Ladakh,Ladakh,Expressway,Bicycle,2344,1928,268,Vehicle Defect,09:00-12:00,Under Repair,Dusk/Dawn,Misty,Fatal,Y-Junction,data.gov.in - Ministry of Road Transport & Highways
257,2019,Goa,Goa,City Roads,Pedestrian,1354,1700,222,Wrong Side Driving,06:00-09:00,Flooded,Dark - Street Light On,Foggy,Fatal,T-Junction,data.gov.in - Ministry of Road Transport & Highways
258,2022,Daman & Diu,Daman & Diu,Other Roads,Bus,326,629,48,Vehicle Defect,09:00-12:00,Potholed,Dark - Street Light On,Clear,Minor Injury,No Junction,data.gov.in - Ministry of Road Transport & Highways
259,2022,Jammu & Kashmir,Srinagar,City Roads,Bicycle,3291,5505,421,Bad Road Condition,12:00-15:00,Wet,Dusk/Dawn,Rainy,Minor Injury,No Junction,data.gov.in - Ministry of Road Transport & Highways
260,2022,Karnataka,Hubli,National Highway,Two-Wheeler,10985,13612,3560,Bad Road Condition,21:00-24:00,Potholed,Dusk/Dawn,Cloudy,No Injury,T-Junction,data.gov.in - Ministry of Road Transport & Highways
261,2020,Jammu & Kashmir,Jammu,City Roads,Auto-Rickshaw,2808,6185,333,Poor Weather Visibility,00:00-06:00,Flooded,Dark - Street Light On,Foggy,Grievous Injury,Y-Junction,data.gov.in - Ministry of Road Transport & Highways
262,2021,Rajasthan,Kota,Expressway,Bus,987,1669,100,Vehicle Defect,12:00-15:00,Potholed,Dark - Street Light On,Cloudy,Minor Injury,Y-Junction,data.gov.in - Ministry of Road Transport & Highways
263,2020,Chhattisgarh,Raipur,Other Roads,Car/Jeep/Taxi,760,628,179,Jumping Red Light,18:00-21:00,Dry,Dark - Street Light On,Clear,Fatal,Four-Arm Junction,data.gov.in - Ministry of Road Transport & Highways
264,2021,Uttar Pradesh,Kanpur,State Highway,Bus,9173,11405,2994,Use of Mobile Phone,21:00-24:00,Flooded,Daylight,Cloudy,No Injury,Y-Junction,data.gov.in - Ministry of Road Transport & Highways
265,2019,West Bengal,Durgapur,Expressway,Truck/Lorry,5528,12856,1766,Fatigue/Sleep,15:00-18:00,Potholed,Daylight,Clear,Fatal,Four-Arm Junction,data.gov.in - Ministry of Road Transport & Highways
266,2020,Chandigarh,Chandigarh,National Highway,Pedestrian,3545,8639,677,Poor Weather Visibility,12:00-15:00,Dry,Dark - No Street Light,Rainy,Fatal,Roundabout,data.gov.in - Ministry of Road Transport & Highways
267,2020,Daman & Diu,Daman & Diu,State Highway,Pedestrian,5445,7873,1351,Fatigue/Sleep,06:00-09:00,Under Repair,Dusk/Dawn,Rainy,Grievous Injury,No Junction,data.gov.in - Ministry of Road Transport & Highways
268,2020,Kerala,Thrissur,Other Roads,Two-Wheeler,1498,2355,148,Jumping Red Light,18:00-21:00,Wet,Dark - Street Light On,Clear,Minor Injury,T-Junction,data.gov.in - Ministry of Road Transport & Highways
269,2023,Dadra & Nagar Haveli,Dadra & Nagar Haveli,City Roads,Truck/Lorry,6681,6136,1187,Wrong Side Driving,12:00-15:00,Dry,Dark - No Street Light,Foggy,Fatal,No Junction,data.gov.in - Ministry of Road Transport & Highways
270,2023,Arunachal Pradesh,Arunachal Pradesh,State Highway,Others,2602,2414,563,Poor Weather Visibility,18:00-21:00,Wet,Dark - Street Light On,Rainy,No Injury,T-Junction,data.gov.in - Ministry of Road Transport & Highways
271,2023,Manipur,Manipur,City Roads,Car/Jeep/Taxi,6181,6603,839,Bad Road Condition,06:00-09:00,Dry,Dusk/Dawn,Rainy,Minor Injury,Roundabout,data.gov.in - Ministry of Road Transport & Highways
272,2019,Puducherry,Puducherry,National Highway,Pedestrian,6153,7491,1201,Improper Lane Changing,15:00-18:00,Flooded,Dark - Street Light On,Rainy,Minor Injury,No Junction,data.gov.in - Ministry of Road Transport & Highways
273,2020,Andhra Pradesh,Visakhapatnam,National Highway,Others,1625,3226,327,Poor Weather Visibility,18:00-21:00,Flooded,Dark - No Street Light,Misty,Minor Injury,Four-Arm Junction,data.gov.in - Ministry of Road Transport & Highways
274,2020,West Bengal,Asansol,State Highway,Bicycle,7123,17548,2129,Vehicle Defect,09:00-12:00,Wet,Dusk/Dawn,Clear,No Injury,Roundabout,data.gov.in - Ministry of Road Transport & Highways
275,2021,Karnataka,Mysuru,State Highway,Others,11824,16757,3518,Drunk Driving,21:00-24:00,Flooded,Dusk/Dawn,Rainy,Fatal,Roundabout,data.gov.in - Ministry of Road Transport & Highways
276,2022,Odisha,Bhubaneswar,Expressway,Truck/Lorry,9870,13070,1282,Tyre Burst,06:00-09:00,Potholed,Daylight,Rainy,Minor Injury,Y-Junction,data.gov.in - Ministry of Road Transport & Highways
277,2019,Assam,Dibrugarh,National Highway,Others,6190,9743,907,Use of Mobile Phone,18:00-21:00,Wet,Dark - No Street Light,Rainy,No Injury,T-Junction,data.gov.in - Ministry of Road Transport & Highways
278,2022,Tripura,Tripura,City Roads,Truck/Lorry,10948,12444,2326,Use of Mobile Phone,15:00-18:00,Under Repair,Dark - Street Light On,Clear,Minor Injury,Y-Junction,data.gov.in - Ministry of Road Transport & Highways
279,2021,Dadra & Nagar Haveli,Dadra & Nagar Haveli,Other Roads,Truck/Lorry,11279,24970,2110,Drunk Driving,18:00-21:00,Potholed,Daylight,Clear,No Injury,Roundabout,data.gov.in - Ministry of Road Transport & Highways
280,2022,Tamil Nadu,Salem,State Highway,Others,2613,5784,379,Bad Road Condition,12:00-15:00,Under Repair,Daylight,Cloudy,Minor Injury,Roundabout,data.gov.in - Ministry of Road Transport & Highways
281,2020,Karnataka,Bengaluru,Other Roads,Auto-Rickshaw,3542,3280,630,Tyre Burst,06:00-09:00,Dry,Dusk/Dawn,Rainy,No Injury,Roundabout,data.gov.in - Ministry of Road Transport & Highways
282,2019,Sikkim,Sikkim,Expressway,Car/Jeep/Taxi,11674,12180,2405,Fatigue/Sleep,21:00-24:00,Potholed,Daylight,Rainy,No Injury,T-Junction,data.gov.in - Ministry of Road Transport & Highways
283,2021,Puducherry,Puducherry,Expressway,Pedestrian,10132,13839,3423,Vehicle Defect,15:00-18:00,Dry,Dark - No Street Light,Clear,Fatal,Y-Junction,data.gov.in - Ministry of Road Transport & Highways
284,2019,Jharkhand,Jharkhand,Expressway,Others,222,458,24,Tyre Burst,21:00-24:00,Wet,Dark - Street Light On,Misty,Grievous Injury,Y-Junction,data.gov.in - Ministry of Road Transport & Highways
285,2022,Assam,Guwahati,Expressway,Pedestrian,2631,2849,632,Poor Weather Visibility,09:00-12:00,Dry,Dark - No Street Light,Foggy,Minor Injury,T-Junction,data.gov.in - Ministry of Road Transport & Highways
286,2019,Maharashtra,Nashik,City Roads,Others,1609,3535,165,Poor Weather Visibility,00:00-06:00,Potholed,Daylight,Misty,No Injury,Four-Arm Junction,data.gov.in - Ministry of Road Transport & Highways
287,2022,Chhattisgarh,Bilaspur,State Highway,Bus,6427,8932,944,Fatigue/Sleep,21:00-24:00,Potholed,Daylight,Cloudy,Minor Injury,No Junction,data.gov.in - Ministry of Road Transport & Highways
288,2019,Sikkim,Sikkim,State Highway,Auto-Rickshaw,4063,7409,1363,Jumping Red Light,00:00-06:00,Dry,Daylight,Cloudy,No Injury,No Junction,data.gov.in - Ministry of Road Transport & Highways
289,2020,Sikkim,Sikkim,National Highway,Truck/Lorry,8267,16396,572,Vehicle Defect,21:00-24:00,Potholed,Dusk/Dawn,Rainy,Grievous Injury,Roundabout,data.gov.in - Ministry of Road Transport & Highways
290,2020,Punjab,Ludhiana,City Roads,Car/Jeep/Taxi,707,1173,240,Vehicle Defect,12:00-15:00,Dry,Dusk/Dawn,Clear,Fatal,No Junction,data.gov.in - Ministry of Road Transport & Highways
291,2021,Chhattisgarh,Raipur,National Highway,Bus,479,390,166,Drunk Driving,00:00-06:00,Potholed,Dark - No Street Light,Rainy,Grievous Injury,Roundabout,data.gov.in - Ministry of Road Transport & Highways
292,2020,Nagaland,Nagaland,City Roads,Pedestrian,8110,15032,1779,Jumping Red Light,09:00-12:00,Wet,Daylight,Rainy,Minor Injury,No Junction,data.gov.in - Ministry of Road Transport & Highways
293,2022,Jammu & Kashmir,Jammu,City Roads,Auto-Rickshaw,7914,15537,2301,Improper Lane Changing,15:00-18:00,Dry,Dark - No Street Light,Foggy,Grievous Injury,Four-Arm Junction,data.gov.in - Ministry of Road Transport & Highways
294,2021,Uttarakhand,Uttarakhand,Expressway,Car/Jeep/Taxi,9429,14812,2392,Bad Road Condition,09:00-12:00,Dry,Daylight,Foggy,Grievous Injury,No Junction,data.gov.in - Ministry of Road Transport & Highways
295,2022,Uttar Pradesh,Agra,City Roads,Bicycle,10624,15680,1529,Use of Mobile Phone,09:00-12:00,Flooded,Daylight,Clear,No Injury,Y-Junction,data.gov.in - Ministry of Road Transport & Highways
296,2022,Manipur,Manipur,State Highway,Two-Wheeler,2022,2813,614,Use of Mobile Phone,15:00-18:00,Potholed,Dark - Street Light On,Rainy,Fatal,T-Junction,data.gov.in - Ministry of Road Transport & Highways
297,2020,Rajasthan,Kota,Expressway,Truck/Lorry,10820,9954,2459,Jumping Red Light,15:00-18:00,Dry,Dark - No Street Light,Foggy,Minor Injury,T-Junction,data.gov.in - Ministry of Road Transport & Highways
298,2020,Gujarat,Surat,Expressway,Car/Jeep/Taxi,3720,8286,880,Poor Weather Visibility,18:00-21:00,Flooded,Dark - Street Light On,Misty,No Injury,No Junction,data.gov.in - Ministry of Road Transport & Highways
299,2022,Bihar,Patna,State Highway,Car/Jeep/Taxi,5419,7502,1602,Bad Road Condition,21:00-24:00,Flooded,Daylight,Misty,Minor Injury,Roundabout,data.gov.in - Ministry of Road Transport & Highways
300,2020,Dadra & Nagar Haveli,Dadra & Nagar Haveli,Expressway,Bus,6183,9789,1714,Jumping Red Light,06:00-09:00,Potholed,Dusk/Dawn,Clear,Grievous Injury,Four-Arm Junction,data.gov.in - Ministry of Road Transport & Highways
301,2019,Mizoram,Mizoram,Other Roads,Bus,5969,14670,904,Fatigue/Sleep,21:00-24:00,Flooded,Daylight,Rainy,No Injury,Roundabout,data.gov.in - Ministry of Road Transport & Highways
302,2021,Chandigarh,Chandigarh,National Highway,Car/Jeep/Taxi,5279,6450,1620,Bad Road Condition,00:00-06:00,Potholed,Daylight,Misty,No Injury,T-Junction,data.gov.in - Ministry of Road Transport & Highways
303,2019,Ladakh,Ladakh,City Roads,Truck/Lorry,8074,6781,2134,Poor Weather Visibility,15:00-18:00,Dry,Daylight,Rainy,Fatal,Y-Junction,data.gov.in - Ministry of Road Transport & Highways
304,2020,Karnataka,Hubli,National Highway,Others,10925,23482,2611,Improper Lane Changing,15:00-18:00,Under Repair,Dark - No Street Light,Cloudy,Grievous Injury,Four-Arm Junction,data.gov.in - Ministry of Road Transport & Highways
305,2020,Haryana,Gurgaon,National Highway,Others,7395,11427,2085,Use of Mobile Phone,06:00-09:00,Under Repair,Dusk/Dawn,Cloudy,Grievous Injury,T-Junction,data.gov.in - Ministry of Road Transport & Highways
306,2020,Meghalaya,Meghalaya,State Highway,Pedestrian,9210,11161,856,Drunk Driving,00:00-06:00,Dry,Dusk/Dawn,Rainy,Grievous Injury,No Junction,data.gov.in - Ministry of Road Transport & Highways
307,2022,Madhya Pradesh,Bhopal,City Roads,Bicycle,8364,13591,2458,Wrong Side Driving,00:00-06:00,Potholed,Daylight,Rainy,Grievous Injury,Y-Junction,data.gov.in - Ministry of Road Transport & Highways
308,2021,Daman & Diu,Daman & Diu,State Highway,Bus,10124,17575,1960,Poor Weather Visibility,21:00-24:00,Wet,Dusk/Dawn,Clear,Grievous Injury,Y-Junction,data.gov.in - Ministry of Road Transport & Highways
309,2020,Tripura,Tripura,Expressway,Two-Wheeler,4855,6107,912,Tyre Burst,21:00-24:00,Wet,Dark - Street Light On,Clear,Minor Injury,Y-Junction,data.gov.in - Ministry of Road Transport & Highways
310,2023,Daman & Diu,Daman & Diu,Expressway,Auto-Rickshaw,6878,15147,1335,Improper Lane Changing,09:00-12:00,Wet,Dusk/Dawn,Foggy,Grievous Injury,Y-Junction,data.gov.in - Ministry of Road Transport & Highways
311,2021,Punjab,Jalandhar,National Highway,Bus,6892,14747,703,Over Speeding,12:00-15:00,Wet,Dark - Street Light On,Cloudy,No Injury,Y-Junction,data.gov.in - Ministry of Road Transport & Highways
312,2022,Gujarat,Vadodara,Expressway,Bus,5745,4826,1670,Improper Lane Changing,06:00-09:00,Potholed,Dusk/Dawn,Clear,Grievous Injury,No Junction,data.gov.in - Ministry of Road Transport & Highways
313,2023,Tripura,Tripura,Other Roads,Truck/Lorry,10497,8757,1679,Tyre Burst,18:00-21:00,Dry,Dusk/Dawn,Misty,Grievous Injury,Y-Junction,data.gov.in - Ministry of Road Transport & Highways
314,2020,Tamil Nadu,Coimbatore,National Highway,Bus,5065,11696,1698,Wrong Side Driving,18:00-21:00,Dry,Dusk/Dawn,Rainy,Minor Injury,T-Junction,data.gov.in - Ministry of Road Transport & Highways
315,2023,Maharashtra,Nashik,National Highway,Car/Jeep/Taxi,8386,18770,1380,Vehicle Defect,21:00-24:00,Flooded,Dark - No Street Light,Clear,Minor Injury,Roundabout,data.gov.in - Ministry of Road Transport & Highways
316,2019,Chandigarh,Chandigarh,City Roads,Auto-Rickshaw,3693,3067,544,Drunk Driving,15:00-18:00,Under Repair,Dark - No Street Light,Misty,No Injury,No Junction,data.gov.in - Ministry of Road Transport & Highways
317,2023,Meghalaya,Meghalaya,Other Roads,Others,8104,10196,1802,Tyre Burst,15:00-18:00,Wet,Dark - No Street Light,Rainy,No Injury,Roundabout,data.gov.in - Ministry of Road Transport & Highways
318,2021,Lakshadweep,Lakshadweep,State Highway,Two-Wheeler,352,449,27,Poor Weather Visibility,18:00-21:00,Wet,Dusk/Dawn,Misty,Minor Injury,Y-Junction,data.gov.in - Ministry of Road Transport & Highways
319,2023,Sikkim,Sikkim,National Highway,Others,5126,12812,440,Jumping Red Light,15:00-18:00,Dry,Dark - Street Light On,Cloudy,Fatal,Y-Junction,data.gov.in - Ministry of Road Transport & Highways
320,2022,Jammu & Kashmir,Jammu,Expressway,Others,4067,8067,931,Tyre Burst,12:00-15:00,Wet,Dark - No Street Light,Foggy,Minor Injury,Y-Junction,data.gov.in - Ministry of Road Transport & Highways
321,2020,Haryana,Gurgaon,State Highway,Car/Jeep/Taxi,4055,8942,512,Wrong Side Driving,06:00-09:00,Dry,Dark - No Street Light,Misty,Grievous Injury,Four-Arm Junction,data.gov.in - Ministry of Road Transport & Highways
322,2021,Madhya Pradesh,Bhopal,Other Roads,Bicycle,3693,3198,584,Fatigue/Sleep,09:00-12:00,Under Repair,Dark - Street Light On,Misty,No Injury,No Junction,data.gov.in - Ministry of Road Transport & Highways
323,2020,Lakshadweep,Lakshadweep,Other Roads,Bicycle,9498,9650,1977,Improper Lane Changing,21:00-24:00,Under Repair,Dark - No Street Light,Misty,Fatal,No Junction,data.gov.in - Ministry of Road Transport & Highways
324,2019,Uttarakhand,Uttarakhand,Expressway,Car/Jeep/Taxi,3306,6815,595,Vehicle Defect,21:00-24:00,Wet,Daylight,Misty,Fatal,T-Junction,data.gov.in - Ministry of Road Transport & Highways
325,2021,Mizoram,Mizoram,Other Roads,Others,2753,6370,545,Over Speeding,00:00-06:00,Dry,Dark - No Street Light,Cloudy,Fatal,T-Junction,data.gov.in - Ministry of Road Transport & Highways
326,2021,Mizoram,Mizoram,State Highway,Others,137,272,35,Wrong Side Driving,15:00-18:00,Dry,Dark - No Street Light,Cloudy,Minor Injury,Y-Junction,data.gov.in - Ministry of Road Transport & Highways
327,2019,Sikkim,Sikkim,Other Roads,Auto-Rickshaw,7971,12789,1204,Poor Weather Visibility,09:00-12:00,Under Repair,Dark - Street Light On,Foggy,Grievous Injury,Four-Arm Junction,data.gov.in - Ministry of Road Transport & Highways
328,2023,Uttar Pradesh,Kanpur,City Roads,Bicycle,2992,7004,479,Vehicle Defect,09:00-12:00,Dry,Daylight,Rainy,Grievous Injury,Y-Junction,data.gov.in - Ministry of Road Transport & Highways
329,2021,Madhya Pradesh,Jabalpur,National Highway,Truck/Lorry,5525,5366,1630,Use of Mobile Phone,18:00-21:00,Dry,Dark - Street Light On,Misty,Fatal,Four-Arm Junction,data.gov.in - Ministry of Road Transport & Highways
330,2022,Kerala,Thiruvananthapuram,National Highway,Truck/Lorry,1468,1818,230,Wrong Side Driving,21:00-24:00,Dry,Dark - Street Light On,Cloudy,Grievous Injury,Roundabout,data.gov.in - Ministry of Road Transport & Highways
331,2020,Arunachal Pradesh,Arunachal Pradesh,City Roads,Bus,11261,17275,2887,Jumping Red Light,12:00-15:00,Flooded,Daylight,Rainy,Minor Injury,T-Junction,data.gov.in - Ministry of Road Transport & Highways
332,2019,Goa,Goa,City Roads,Car/Jeep/Taxi,3774,4375,1171,Fatigue/Sleep,12:00-15:00,Under Repair,Daylight,Clear,Minor Injury,No Junction,data.gov.in - Ministry of Road Transport & Highways
333,2023,Chandigarh,Chandigarh,National Highway,Car/Jeep/Taxi,3347,3728,730,Vehicle Defect,15:00-18:00,Potholed,Dark - Street Light On,Misty,No Injury,No Junction,data.gov.in - Ministry of Road Transport & Highways
334,2023,Tripura,Tripura,Other Roads,Car/Jeep/Taxi,1424,1612,279,Bad Road Condition,09:00-12:00,Wet,Daylight,Clear,Grievous Injury,Four-Arm Junction,data.gov.in - Ministry of Road Transport & Highways
335,2019,Tamil Nadu,Salem,City Roads,Two-Wheeler,2076,2209,415,Wrong Side Driving,06:00-09:00,Dry,Dark - Street Light On,Cloudy,Fatal,Roundabout,data.gov.in - Ministry of Road Transport & Highways
336,2023,Meghalaya,Meghalaya,State Highway,Bicycle,8691,13930,1405,Bad Road Condition,09:00-12:00,Under Repair,Daylight,Foggy,Minor Injury,Roundabout,data.gov.in - Ministry of Road Transport & Highways
337,2022,Dadra & Nagar Haveli,Dadra & Nagar Haveli,Expressway,Two-Wheeler,4314,8356,785,Jumping Red Light,09:00-12:00,Under Repair,Dark - No Street Light,Rainy,Fatal,T-Junction,data.gov.in - Ministry of Road Transport & Highways
338,2019,Dadra & Nagar Haveli,Dadra & Nagar Haveli,State Highway,Bus,6323,5814,1107,Improper Lane Changing,18:00-21:00,Potholed,Daylight,Misty,Fatal,Roundabout,data.gov.in - Ministry of Road Transport & Highways
339,2019,Sikkim,Sikkim,National Highway,Car/Jeep/Taxi,3382,5806,1088,Wrong Side Driving,06:00-09:00,Wet,Dark - No Street Light,Misty,Minor Injury,Y-Junction,data.gov.in - Ministry of Road Transport & Highways
340,2019,Andaman & Nicobar Islands,Andaman & Nicobar Islands,City Roads,Bus,5391,5175,866,Improper Lane Changing,15:00-18:00,Dry,Dark - Street Light On,Clear,Minor Injury,Roundabout,data.gov.in - Ministry of Road Transport & Highways
341,2020,Uttarakhand,Uttarakhand,Other Roads,Car/Jeep/Taxi,8266,7072,1408,Vehicle Defect,15:00-18:00,Wet,Dark - Street Light On,Cloudy,Minor Injury,No Junction,data.gov.in - Ministry of Road Transport & Highways
342,2021,Chhattisgarh,Durg,Other Roads,Bus,9191,9382,2468,Drunk Driving,21:00-24:00,Potholed,Dark - No Street Light,Clear,Minor Injury,T-Junction,data.gov.in - Ministry of Road Transport & Highways
343,2023,Kerala,Thrissur,Expressway,Truck/Lorry,8568,19446,2561,Improper Lane Changing,15:00-18:00,Potholed,Daylight,Foggy,Minor Injury,Four-Arm Junction,data.gov.in - Ministry of Road Transport & Highways
344,2019,Manipur,Manipur,Expressway,Auto-Rickshaw,7315,6085,1457,Wrong Side Driving,18:00-21:00,Dry,Daylight,Cloudy,Minor Injury,Y-Junction,data.gov.in - Ministry of Road Transport & Highways
345,2023,Haryana,Faridabad,National Highway,Car/Jeep/Taxi,7144,15353,2312,Improper Lane Changing,09:00-12:00,Dry,Daylight,Clear,No Injury,T-Junction,data.gov.in - Ministry of Road Transport & Highways
346,2019,Meghalaya,Meghalaya,City Roads,Others,50,53,7,Wrong Side Driving,21:00-24:00,Flooded,Daylight,Foggy,No Injury,Y-Junction,data.gov.in - Ministry of Road Transport & Highways
347,2023,Madhya Pradesh,Gwalior,State Highway,Others,6686,5498,1000,Wrong Side Driving,18:00-21:00,Potholed,Dusk/Dawn,Cloudy,Fatal,Four-Arm Junction,data.gov.in - Ministry of Road Transport & Highways
348,2020,Ladakh,Ladakh,National Highway,Truck/Lorry,9268,14503,473,Improper Lane Changing,15:00-18:00,Wet,Dark - No Street Light,Misty,Minor Injury,No Junction,data.gov.in - Ministry of Road Transport & Highways