SNo,Year,State_UT,City,Road_Classification,Mode_of_Transport,Total_Accidents,Persons_Injured,Persons_Killed,Accident_Cause,Time_of_Accident,Road_Condition,Light_Condition,Weather_Condition,Injury_Severity,Junction_Type,Source
349,2021,Rajasthan,Jodhpur,National Highway,Others,3913,7651,210,Poor Weather Visibility,00:00-06:00,Flooded,Dark - No Street Light,Cloudy,No Injury,T-Junction,data.gov.in - Ministry of Road Transport & Highways
350,2022,Manipur,Manipur,Other Roads,Truck/Lorry,1218,2634,265,Tyre Burst,09:00-12:00,Flooded,Daylight,Foggy,Grievous Injury,Y-Junction,data.gov.in - Ministry of Road Transport & Highways
351,2020,Chhattisgarh,Bilaspur,State Highway,Two-Wheeler,8737,17971,2656,Poor Weather Visibility,21:00-24:00,Wet,Dusk/Dawn,Misty,Fatal,Four-Arm Junction,data.gov.in - Ministry of Road Transport & Highways
352,2023,Madhya Pradesh,Gwalior,City Roads,Car/Jeep/Taxi,7785,17743,1001,Drunk Driving,18:00-21:00,Flooded,Daylight,Cloudy,Minor Injury,Roundabout,data.gov.in - Ministry of Road Transport & Highways
353,2023,Tripura,Tripura,National Highway,Pedestrian,929,2249,314,Use of Mobile Phone,06:00-09:00,Dry,Dark - Street Light On,Misty,Grievous Injury,Roundabout,data.gov.in - Ministry of Road Transport & Highways
354,2020,Himachal Pradesh,Himachal Pradesh,Expressway,Car/Jeep/Taxi,5930,8654,355,Poor Weather Visibility,12:00-15:00,Potholed,Daylight,Clear,No Injury,No Junction,data.gov.in - Ministry of Road Transport & Highways
355,2021,Tamil Nadu,Coimbatore,City Roads,Pedestrian,386,618,36,Improper Lane Changing,18:00-21:00,Potholed,Dark - No Street Light,Cloudy,Minor Injury,T-Junction,data.gov.in - Ministry of Road Transport & Highways
356,2021,Uttar Pradesh,Varanasi,State Highway,Truck/Lorry,3964,3188,1252,Use of Mobile Phone,15:00-18:00,Dry,Dark - Street Light On,Misty,Grievous Injury,T-Junction,data.gov.in - Ministry of Road Transport & Highways
357,2023,Chandigarh,Chandigarh,Expressway,Others,5665,10720,565,Fatigue/Sleep,21:00-24:00,Dry,Daylight,Foggy,Minor Injury,Four-Arm Junction,data.gov.in - Ministry of Road Transport & Highways
358,2021,Chandigarh,Chandigarh,Expressway,Bus,169,369,45,Tyre Burst,12:00-15:00,Wet,Daylight,Cloudy,Grievous Injury,T-Junction,data.gov.in - Ministry of Road Transport & Highways
359,2019,Maharashtra,Aurangabad,Other Roads,Auto-Rickshaw,5500,8724,1618,Over Speeding,21:00-24:00,Potholed,Dark - Street Light On,Misty,Minor Injury,No Junction,data.gov.in - Ministry of Road Transport & Highways
360,2019,Himachal Pradesh,Himachal Pradesh,Other Roads,Two-Wheeler,6285,12024,1392,Tyre Burst,00:00-06:00,Wet,Dark - Street Light On,Cloudy,Grievous Injury,No Junction,data.gov.in - Ministry of Road Transport & Highways
361,2021,Puducherry,Puducherry,National Highway,Pedestrian,4668,11257,1362,Jumping Red Light,15:00-18:00,Potholed,Dusk/Dawn,Cloudy,Fatal,Roundabout,data.gov.in - Ministry of Road Transport & Highways
362,2023,Jammu & Kashmir,Srinagar,National Highway,Auto-Rickshaw,3226,8022,501,Drunk Driving,00:00-06:00,Potholed,Dark - No Street Light,Clear,No Injury,No Junction,data.gov.in - Ministry of Road Transport & Highways
363,2022,Tripura,Tripura,State Highway,Truck/Lorry,9099,17786,1829,Tyre Burst,06:00-09:00,Flooded,Dusk/Dawn,Rainy,No Injury,Four-Arm Junction,data.gov.in - Ministry of Road Transport & Highways
364,2022,Assam,Dibrugarh,National Highway,Bus,5626,6149,1056,Poor Weather Visibility,15:00-18:00,Potholed,Dark - No Street Light,Cloudy,Grievous Injury,No Junction,data.gov.in - Ministry of Road Transport & Highways
365,2022,Jharkhand,Jharkhand,State Highway,Bus,1786,3366,397,Vehicle Defect,09:00-12:00,Flooded,Dark - No Street Light,Rainy,Minor Injury,T-Junction,data.gov.in - Ministry of Road Transport & Highways
366,2022,West Bengal,Howrah,State Highway,Others,558,1353,97,Bad Road Condition,12:00-15:00,Potholed,Daylight,Misty,Grievous Injury,Y-Junction,data.gov.in - Ministry of Road Transport & Highways
367,2020,Madhya Pradesh,Indore,National Highway,Others,2652,4552,286,Poor Weather Visibility,06:00-09:00,Dry,Daylight,Foggy,Fatal,Four-Arm Junction,data.gov.in - Ministry of Road Transport & Highways
368,2019,Chhattisgarh,Bilaspur,National Highway,Two-Wheeler,1363,2775,100,Fatigue/Sleep,21:00-24:00,Wet,Dark - Street Light On,Foggy,Fatal,T-Junction,data.gov.in - Ministry of Road Transport & Highways
369,2019,Tamil Nadu,Chennai,Other Roads,Two-Wheeler,2970,4118,808,Vehicle Defect,15:00-18:00,Potholed,Dark - No Street Light,Cloudy,Grievous Injury,Four-Arm Junction,data.gov.in - Ministry of Road Transport & Highways
370,2021,Telangana,Hyderabad,City Roads,Two-Wheeler,5495,9365,1069,Over Speeding,06:00-09:00,Dry,Daylight,Foggy,No Injury,No Junction,data.gov.in - Ministry of Road Transport & Highways
371,2023,Arunachal Pradesh,Arunachal Pradesh,Other Roads,Truck/Lorry,3389,7110,322,Fatigue/Sleep,09:00-12:00,Potholed,Daylight,Cloudy,Minor Injury,Y-Junction,data.gov.in - Ministry of Road Transport & Highways
372,2020,Kerala,Kozhikode,City Roads,Auto-Rickshaw,10599,20530,1609,Use of Mobile Phone,06:00-09:00,Dry,Dusk/Dawn,Misty,Fatal,T-Junction,data.gov.in - Ministry of Road Transport & Highways
373,2020,Rajasthan,Jaipur,State Highway,Bicycle,1040,1479,165,Drunk Driving,09:00-12:00,Wet,Daylight,Clear,No Injury,Y-Junction,data.gov.in - Ministry of Road Transport & Highways
374,2023,Chandigarh,Chandigarh,Expressway,Two-Wheeler,5130,4691,1217,Vehicle Defect,15:00-18:00,Wet,Dusk/Dawn,Rainy,No Injury,Y-Junction,data.gov.in - Ministry of Road Transport & Highways
375,2021,Mizoram,Mizoram,State Highway,Auto-Rickshaw,5970,6317,429,Use of Mobile Phone,06:00-09:00,Flooded,Dusk/Dawn,Clear,Minor Injury,T-Junction,data.gov.in - Ministry of Road Transport & Highways
376,2019,Meghalaya,Meghalaya,National Highway,Auto-Rickshaw,4538,4039,380,Jumping Red Light,18:00-21:00,Flooded,Dark - No Street Light,Rainy,Grievous Injury,T-Junction,data.gov.in - Ministry of Road Transport & Highways
377,2021,Karnataka,Bengaluru,Other Roads,Others,8132,17356,613,Wrong Side Driving,15:00-18:00,Flooded,Dusk/Dawn,Cloudy,Grievous Injury,T-Junction,data.gov.in - Ministry of Road Transport & Highways
378,2023,Daman & Diu,Daman & Diu,Expressway,Bus,205,374,54,Drunk Driving,00:00-06:00,Dry,Dark - No Street Light,Misty,Fatal,No Junction,data.gov.in - Ministry of Road Transport & Highways
379,2019,Maharashtra,Pune,State Highway,Others,9433,23502,1473,Jumping Red Light,15:00-18:00,Potholed,Dark - No Street Light,Misty,No Injury,Roundabout,data.gov.in - Ministry of Road Transport & Highways
380,2023,Uttarakhand,Uttarakhand,National Highway,Others,1839,4394,350,Poor Weather Visibility,15:00-18:00,Dry,Dusk/Dawn,Misty,Grievous Injury,Four-Arm Junction,data.gov.in - Ministry of Road Transport & Highways
381,2022,Karnataka,Hubli,State Highway,Others,1750,2068,392,Poor Weather Visibility,21:00-24:00,Dry,Dark - Street Light On,Cloudy,Minor Injury,Y-Junction,data.gov.in - Ministry of Road Transport & Highways
382,2021,Himachal Pradesh,Himachal Pradesh,National Highway,Bicycle,3384,3869,464,Poor Weather Visibility,12:00-15:00,Under Repair,Dark - No Street Light,Foggy,No Injury,Roundabout,data.gov.in - Ministry of Road Transport & Highways
383,2023,Maharashtra,Nashik,Expressway,Pedestrian,10567,24803,3647,Fatigue/Sleep,21:00-24:00,Wet,Dark - Street Light On,Foggy,No Injury,T-Junction,data.gov.in - Ministry of Road Transport & Highways
384,2023,Rajasthan,Udaipur,Other Roads,Bus,820,786,46,Fatigue/Sleep,06:00-09:00,Dry,Dark - No Street Light,Rainy,No Injury,No Junction,data.gov.in - Ministry of Road Transport & Highways
385,2019,Andaman & Nicobar Islands,Andaman & Nicobar Islands,State Highway,Two-Wheeler,5441,8176,1174,Use of Mobile Phone,00:00-06:00,Dry,Daylight,Misty,Fatal,No Junction,data.gov.in - Ministry of Road Transport & Highways
386,2021,Tripura,Tripura,Other Roads,Auto-Rickshaw,6377,13370,782,Use of Mobile Phone,06:00-09:00,Under Repair,Dark - No Street Light,Cloudy,Minor Injury,No Junction,data.gov.in - Ministry of Road Transport & Highways
387,2021,Goa,Goa,State Highway,Two-Wheeler,503,678,132,Wrong Side Driving,21:00-24:00,Flooded,Dusk/Dawn,Misty,No Injury,No Junction,data.gov.in - Ministry of Road Transport & Highways
388,2020,Assam,Guwahati,Expressway,Bicycle,9794,16557,528,Poor Weather Visibility,09:00-12:00,Flooded,Dark - No Street Light,Foggy,Minor Injury,No Junction,data.gov.in - Ministry of Road Transport & Highways
389,2022,Rajasthan,Jodhpur,City Roads,Others,5025,7596,1618,Use of Mobile Phone,09:00-12:00,Dry,Dark - Street Light On,Foggy,Grievous Injury,Y-Junction,data.gov.in - Ministry of Road Transport & Highways
390,2019,Mizoram,Mizoram,Expressway,Car/Jeep/Taxi,6175,9585,375,Jumping Red Light,15:00-18:00,Under Repair,Dusk/Dawn,Cloudy,No Injury,Y-Junction,data.gov.in - Ministry of Road Transport & Highways
391,2023,Bihar,Bhagalpur,City Roads,Two-Wheeler,5438,12803,287,Vehicle Defect,15:00-18:00,Wet,Daylight,Cloudy,Fatal,T-Junction,data.gov.in - Ministry of Road Transport & Highways
392,2020,Tamil Nadu,Coimbatore,Expressway,Bus,7892,8201,1657,Vehicle Defect,06:00-09:00,Potholed,Daylight,Foggy,No Injury,Y-Junction,data.gov.in - Ministry of Road Transport & Highways
393,2021,Assam,Silchar,Expressway,Others,2684,5745,167,Jumping Red Light,09:00-12:00,Under Repair,Dark - Street Light On,Foggy,No Injury,No Junction,data.gov.in - Ministry of Road Transport & Highways
394,2020,Uttar Pradesh,Agra,Expressway,Pedestrian,10710,26212,3345,Drunk Driving,00:00-06:00,Under Repair,Dark - Street Light On,Cloudy,Fatal,Roundabout,data.gov.in - Ministry of Road Transport & Highways
395,2021,Lakshadweep,Lakshadweep,National Highway,Two-Wheeler,4817,11841,931,Drunk Driving,18:00-21:00,Wet,Dark - Street Light On,Misty,No Injury,Roundabout,data.gov.in - Ministry of Road Transport & Highways
396,2021,Delhi,North Delhi,Expressway,Car/Jeep/Taxi,11330,23090,986,Vehicle Defect,06:00-09:00,Dry,Daylight,Clear,Grievous Injury,Roundabout,data.gov.in - Ministry of Road Transport & Highways
397,2021,Kerala,Thrissur,City Roads,Others,110,223,23,Improper Lane Changing,15:00-18:00,Under Repair,Dark - No Street Light,Rainy,Minor Injury,Roundabout,data.gov.in - Ministry of Road Transport & Highways
398,2020,Nagaland,Nagaland,State Highway,Pedestrian,83,146,8,Vehicle Defect,09:00-12:00,Under Repair,Dusk/Dawn,Foggy,Fatal,Y-Junction,data.gov.in - Ministry of Road Transport & Highways
399,2020,Chhattisgarh,Durg,Expressway,Bus,10451,22375,2777,Improper Lane Changing,18:00-21:00,Flooded,Dusk/Dawn,Clear,Grievous Injury,Four-Arm Junction,data.gov.in - Ministry of Road Transport & Highways
400,2023,Kerala,Kochi,Expressway,Others,7952,8215,2364,Bad Road Condition,21:00-24:00,Potholed,Daylight,Foggy,No Injury,T-Junction,data.gov.in - Ministry of Road Transport & Highways
401,2022,Dadra & Nagar Haveli,Dadra & Nagar Haveli,Other Roads,Bus,11507,16345,3501,Fatigue/Sleep,12:00-15:00,Wet,Dusk/Dawn,Rainy,Grievous Injury,Roundabout,data.gov.in - Ministry of Road Transport & Highways
402,2022,Kerala,Thrissur,Other Roads,Bus,5285,5364,1027,Use of Mobile Phone,18:00-21:00,Potholed,Daylight,Foggy,No Injury,Four-Arm Junction,data.gov.in - Ministry of Road Transport & Highways
403,2019,Maharashtra,Pune,Other Roads,Truck/Lorry,5052,6620,1086,Over Speeding,00:00-06:00,Under Repair,Dark - Street Light On,Cloudy,Fatal,Y-Junction,data.gov.in - Ministry of Road Transport & Highways
404,2020,Tamil Nadu,Chennai,City Roads,Car/Jeep/Taxi,8773,13171,2100,Over Speeding,12:00-15:00,Potholed,Daylight,Misty,No Injury,T-Junction,data.gov.in - Ministry of Road Transport & Highways
405,2020,West Bengal,Asansol,State Highway,Two-Wheeler,2840,6639,696,Poor Weather Visibility,06:00-09:00,Under Repair,Dark - No Street Light,Foggy,Grievous Injury,Roundabout,data.gov.in - Ministry of Road Transport & Highways
406,2021,Uttarakhand,Uttarakhand,National Highway,Truck/Lorry,10306,14587,952,Tyre Burst,09:00-12:00,Dry,Dark - Street Light On,Cloudy,Fatal,No Junction,data.gov.in - Ministry of Road Transport & Highways
407,2023,Nagaland,Nagaland,State Highway,Car/Jeep/Taxi,2030,4778,560,Drunk Driving,15:00-18:00,Wet,Dark - No Street Light,Foggy,Grievous Injury,Y-Junction,data.gov.in - Ministry of Road Transport & Highways
408,2019,Haryana,Gurgaon,City Roads,Bicycle,2590,5296,468,Wrong Side Driving,12:00-15:00,Under Repair,Dusk/Dawn,Misty,Minor Injury,Y-Junction,data.gov.in - Ministry of Road Transport & Highways
409,2021,Sikkim,Sikkim,National Highway,Bus,5856,7228,1716,Jumping Red Light,15:00-18:00,Potholed,Dusk/Dawn,Foggy,Grievous Injury,Y-Junction,data.gov.in - Ministry of Road Transport & Highways
410,2019,Jammu & Kashmir,Jammu,Other Roads,Others,7601,13164,2122,Poor Weather Visibility,09:00-12:00,Under Repair,Dusk/Dawn,Cloudy,Grievous Injury,Roundabout,data.gov.in - Ministry of Road Transport & Highways
411,2020,Manipur,Manipur,Expressway,Others,2089,2430,342,Over Speeding,00:00-06:00,Potholed,Dark - Street Light On,Foggy,No Injury,Four-Arm Junction,data.gov.in - Ministry of Road Transport & Highways
412,2021,Delhi,New Delhi,City Roads,Bus,9468,12622,1841,Improper Lane Changing,12:00-15:00,Potholed,Dark - No Street Light,Clear,Minor Injury,Four-Arm Junction,data.gov.in - Ministry of Road Transport & Highways
413,2022,Sikkim,Sikkim,State Highway,Truck/Lorry,10086,21355,2733,Vehicle Defect,06:00-09:00,Dry,Dark - No Street Light,Clear,Grievous Injury,Roundabout,data.gov.in - Ministry of Road Transport & Highways
414,2023,Goa,Goa,State Highway,Pedestrian,11251,10424,720,Drunk Driving,00:00-06:00,Dry,Dusk/Dawn,Misty,No Injury,Roundabout,data.gov.in - Ministry of Road Transport & Highways
415,2020,Daman & Diu,Daman & Diu,National Highway,Others,3623,6069,716,Vehicle Defect,15:00-18:00,Flooded,Dark - No Street Light,Foggy,No Injury,No Junction,data.gov.in - Ministry of Road Transport & Highways
416,2020,Uttarakhand,Uttarakhand,National Highway,Two-Wheeler,10555,18117,2389,Poor Weather Visibility,09:00-12:00,Flooded,Dusk/Dawn,Misty,Minor Injury,Y-Junction,data.gov.in - Ministry of Road Transport & Highways
417,2022,Jammu & Kashmir,Jammu,State Highway,Bus,11975,18840,656,Drunk Driving,15:00-18:00,Potholed,Dark - No Street Light,Misty,Grievous Injury,Four-Arm Junction,data.gov.in - Ministry of Road Transport & Highways
418,2021,Odisha,Rourkela,Expressway,Others,2917,4752,398,Jumping Red Light,18:00-21:00,Potholed,Dusk/Dawn,Rainy,No Injury,Roundabout,data.gov.in - Ministry of Road Transport & Highways
419,2019,Odisha,Rourkela,City Roads,Bicycle,9933,10189,909,Wrong Side Driving,12:00-15:00,Flooded,Dark - No Street Light,Rainy,Minor Injury,T-Junction,data.gov.in - Ministry of Road Transport & Highways
420,2022,West Bengal,Kolkata,Other Roads,Car/Jeep/Taxi,5695,4584,1248,Fatigue/Sleep,15:00-18:00,Dry,Dark - No Street Light,Foggy,Fatal,No Junction,data.gov.in - Ministry of Road Transport & Highways
421,2020,Jammu & Kashmir,Srinagar,Other Roads,Others,8297,11484,1615,Over Speeding,00:00-06:00,Flooded,Dark - Street Light On,Foggy,Minor Injury,Four-Arm Junction,data.gov.in - Ministry of Road Transport & Highways
422,2020,Nagaland,Nagaland,Other Roads,Bus,8902,14432,555,Tyre Burst,18:00-21:00,Flooded,Dusk/Dawn,Rainy,Grievous Injury,Y-Junction,data.gov.in - Ministry of Road Transport & Highways
423,2023,Nagaland,Nagaland,National Highway,Others,4305,7630,790,Drunk Driving,15:00-18:00,Wet,Dark - Street Light On,Misty,No Injury,Roundabout,data.gov.in - Ministry of Road Transport & Highways
424,2019,Uttarakhand,Uttarakhand,Expressway,Others,9558,15299,3108,Improper Lane Changing,18:00-21:00,Dry,Daylight,Foggy,No Injury,Four-Arm Junction,data.gov.in - Ministry of Road Transport & Highways
425,2022,Assam,Guwahati,National Highway,Truck/Lorry,5743,13135,1734,Poor Weather Visibility,15:00-18:00,Potholed,Dark - Street Light On,Rainy,No Injury,Four-Arm Junction,data.gov.in - Ministry of Road Transport & Highways
426,2021,Andhra Pradesh,Vijayawada,City Roads,Truck/Lorry,11261,25093,2136,Poor Weather Visibility,00:00-06:00,Wet,Dark - Street Light On,Clear,Fatal,Roundabout,data.gov.in - Ministry of Road Transport & Highways
427,2022,Lakshadweep,Lakshadweep,Expressway,Car/Jeep/Taxi,8135,19696,2052,Fatigue/Sleep,18:00-21:00,Wet,Dark - No Street Light,Misty,Minor Injury,T-Junction,data.gov.in - Ministry of Road Transport & Highways
428,2019,Uttar Pradesh,Lucknow,State Highway,Bus,2157,4811,368,Vehicle Defect,15:00-18:00,Dry,Dark - Street Light On,Clear,Fatal,Roundabout,data.gov.in - Ministry of Road Transport & Highways
429,2023,Meghalaya,Meghalaya,Other Roads,Auto-Rickshaw,10646,24581,3396,Poor Weather Visibility,15:00-18:00,Wet,Daylight,Clear,Fatal,Y-Junction,data.gov.in - Ministry of Road Transport & Highways
430,2020,Uttar Pradesh,Agra,Expressway,Auto-Rickshaw,5507,10398,693,Improper Lane Changing,12:00-15:00,Potholed,Dusk/Dawn,Clear,Minor Injury,Roundabout,data.gov.in - Ministry of Road Transport & Highways
431,2022,Tripura,Tripura,City Roads,Car/Jeep/Taxi,3165,5174,789,Vehicle Defect,09:00-12:00,Under Repair,Dark - Street Light On,Cloudy,Minor Injury,T-Junction,data.gov.in - Ministry of Road Transport & Highways
432,2019,Jharkhand,Jharkhand,Expressway,Car/Jeep/Taxi,6772,12354,2139,Vehicle Defect,09:00-12:00,Potholed,Dark - Street Light On,Misty,Grievous Injury,Y-Junction,data.gov.in - Ministry of Road Transport & Highways
433,2020,Andhra Pradesh,Guntur,City Roads,Truck/Lorry,1867,3921,282,Vehicle Defect,21:00-24:00,Potholed,Dark - No Street Light,Misty,Fatal,Roundabout,data.gov.in - Ministry of Road Transport & Highways
434,2023,Assam,Silchar,State Highway,Bicycle,9779,24116,1390,Over Speeding,09:00-12:00,Flooded,Dark - No Street Light,Cloudy,No Injury,T-Junction,data.gov.in - Ministry of Road Transport & Highways
435,2020,Karnataka,Mangaluru,Expressway,Bicycle,10110,11292,1914,Drunk Driving,00:00-06:00,Potholed,Dark - Street Light On,Rainy,No Injury,Y-Junction,data.gov.in - Ministry of Road Transport & Highways
436,2019,Jammu & Kashmir,Jammu,State Highway,Others,9867,16759,2141,Jumping Red Light,15:00-18:00,Under Repair,Daylight,Clear,Fatal,Roundabout,data.gov.in - Ministry of Road Transport & Highways
437,2019,Arunachal Pradesh,Arunachal Pradesh,State Highway,Bus,6399,14403,2150,Poor Weather Visibility,15:00-18:00,Potholed,Dusk/Dawn,Cloudy,Grievous Injury,Four-Arm Junction,data.gov.in - Ministry of Road Transport & Highways
438,2020,Andhra Pradesh,Tirupati,National Highway,Bicycle,9739,20676,1203,Over Speeding,12:00-15:00,Flooded,Dark - Street Light On,Foggy,Minor Injury,Roundabout,data.gov.in - Ministry of Road Transport & Highways
439,2022,Delhi,Central Delhi,Other Roads,Car/Jeep/Taxi,2719,5028,913,Wrong Side Driving,09:00-12:00,Under Repair,Dark - Street Light On,Clear,No Injury,T-Junction,data.gov.in - Ministry of Road Transport & Highways
440,2020,Meghalaya,Meghalaya,City Roads,Truck/Lorry,1630,2938,309,Wrong Side Driving,15:00-18:00,Flooded,Daylight,Clear,No Injury,Y-Junction,data.gov.in - Ministry of Road Transport & Highways
441,2023,Daman & Diu,Daman & Diu,State Highway,Auto-Rickshaw,10035,10892,3406,Fatigue/Sleep,21:00-24:00,Wet,Dark - Street Light On,Misty,No Injury,No Junction,data.gov.in - Ministry of Road Transport & Highways
442,2020,Andhra Pradesh,Guntur,National Highway,Auto-Rickshaw,5625,10398,1934,Tyre Burst,09:00-12:00,Potholed,Dark - Street Light On,Foggy,Grievous Injury,No Junction,data.gov.in - Ministry of Road Transport & Highways
443,2021,Bihar,Muzaffarpur,Expressway,Bicycle,3001,3503,344,Over Speeding,21:00-24:00,Flooded,Dark - Street Light On,Misty,No Injury,Four-Arm Junction,data.gov.in - Ministry of Road Transport & Highways
444,2022,Punjab,Jalandhar,City Roads,Car/Jeep/Taxi,2892,5246,684,Tyre Burst,09:00-12:00,Flooded,Dark - Street Light On,Foggy,Fatal,Y-Junction,data.gov.in - Ministry of Road Transport & Highways
445,2020,Odisha,Bhubaneswar,State Highway,Truck/Lorry,9219,13409,1263,Use of Mobile Phone,09:00-12:00,Flooded,Dark - No Street Light,Clear,Minor Injury,T-Junction,data.gov.in - Ministry of Road Transport & Highways
446,2023,Chandigarh,Chandigarh,State Highway,Bus,4231,5793,302,Wrong Side Driving,18:00-21:00,Potholed,Dusk/Dawn,Clear,Grievous Injury,Y-Junction,data.gov.in - Ministry of Road Transport & Highways
447,2021,Delhi,South Delhi,National Highway,Bicycle,7785,17941,2419,Poor Weather Visibility,06:00-09:00,Flooded,Dark - Street Light On,Rainy,Fatal,Four-Arm Junction,data.gov.in - Ministry of Road Transport & Highways
448,2021,Arunachal Pradesh,Arunachal Pradesh,Other Roads,Others,8902,14920,2567,Drunk Driving,18:00-21:00,Flooded,Dark - No Street Light,Foggy,No Injury,No Junction,data.gov.in - Ministry of Road Transport & Highways
449,2023,West Bengal,Durgapur,Other Roads,Bus,6692,13011,1230,Poor Weather Visibility,00:00-06:00,Wet,Daylight,Foggy,Minor Injury,No Junction,data.gov.in - Ministry of Road Transport & Highways
450,2023,Chhattisgarh,Raipur,State Highway,Bus,10284,19534,1894,Jumping Red Light,18:00-21:00,Wet,Dark - No Street Light,Clear,No Injury,T-Junction,data.gov.in - Ministry of Road Transport & Highways
451,2021,Uttarakhand,Uttarakhand,City Roads,Truck/Lorry,6339,9366,2098,Use of Mobile Phone,00:00-06:00,Flooded,Daylight,Foggy,Fatal,No Junction,data.gov.in - Ministry of Road Transport & Highways
452,2019,Punjab,Patiala,City Roads,Truck/Lorry,3604,8519,870,Use of Mobile Phone,12:00-15:00,Potholed,Dusk/Dawn,Rainy,No Injury,Four-Arm Junction,data.gov.in - Ministry of Road Transport & Highways
453,2020,Odisha,Bhubaneswar,Other Roads,Bus,2915,6131,590,Fatigue/Sleep,00:00-06:00,Potholed,Dusk/Dawn,Cloudy,Fatal,No Junction,data.gov.in - Ministry of Road Transport & Highways
454,2022,Odisha,Bhubaneswar,State Highway,Two-Wheeler,10644,19269,563,Poor Weather Visibility,15:00-18:00,Dry,Dusk/Dawn,Clear,No Injury,Four-Arm Junction,data.gov.in - Ministry of Road Transport & Highways
455,2020,Mizoram,Mizoram,Other Roads,Bicycle,11583,13333,1754,Vehicle Defect,12:00-15:00,Flooded,Dark - No Street Light,Rainy,Minor Injury,No Junction,data.gov.in - Ministry of Road Transport & Highways
456,2023,Chandigarh,Chandigarh,City Roads,Pedestrian,11133,25496,3256,Jumping Red Light,18:00-21:00,Flooded,Dark - Street Light On,Rainy,No Injury,No Junction,data.gov.in - Ministry of Road Transport & Highways
457,2020,Kerala,Kochi,Expressway,Car/Jeep/Taxi,1681,1838,155,Tyre Burst,12:00-15:00,Under Repair,Dusk/Dawn,Rainy,No Injury,Y-Junction,data.gov.in - Ministry of Road Transport & Highways
458,2023,Meghalaya,Meghalaya,State Highway,Auto-Rickshaw,9080,15272,2205,Use of Mobile Phone,15:00-18:00,Wet,Dark - No Street Light,Foggy,Minor Injury,T-Junction,data.gov.in - Ministry of Road Transport & Highways
459,2021,Ladakh,Ladakh,State Highway,Bicycle,8851,21149,1904,Drunk Driving,21:00-24:00,Wet,Dusk/Dawn,Rainy,No Injury,Four-Arm Junction,data.gov.in - Ministry of Road Transport & Highways
460,2022,Meghalaya,Meghalaya,Expressway,Two-Wheeler,164,162,39,Fatigue/Sleep,12:00-15:00,Dry,Daylight,Cloudy,No Injury,No Junction,data.gov.in - Ministry of Road Transport & Highways
461,2023,West Bengal,Durgapur,City Roads,Car/Jeep/Taxi,4435,10361,342,Tyre Burst,21:00-24:00,Under Repair,Dark - No Street Light,Misty,Fatal,Y-Junction,data.gov.in - Ministry of Road Transport & Highways
462,2019,Manipur,Manipur,National Highway,Truck/Lorry,1472,2635,343,Vehicle Defect,12:00-15:00,Wet,Dark - Street Light On,Clear,Minor Injury,No Junction,data.gov.in - Ministry of Road Transport & Highways
463,2023,Jharkhand,Jharkhand,City Roads,Bicycle,6984,15127,1759,Over Speeding,09:00-12:00,Potholed,Daylight,Misty,Minor Injury,Roundabout,data.gov.in - Ministry of Road Transport & Highways
464,2023,Bihar,Patna,City Roads,Bicycle,1484,2244,382,Bad Road Condition,18:00-21:00,Dry,Dark - No Street Light,Foggy,Fatal,No Junction,data.gov.in - Ministry of Road Transport & Highways