SNo,Year,State_UT,City,Road_Classification,Mode_of_Transport,Total_Accidents,Persons_Injured,Persons_Killed,Accident_Cause,Time_of_Accident,Road_Condition,Light_Condition,Weather_Condition,Injury_Severity,Junction_Type,Source
465,2020,Delhi,West Delhi,Other Roads,Auto-Rickshaw,11961,19143,2719,Improper Lane Changing,18:00-21:00,Dry,Dusk/Dawn,Misty,No Injury,Roundabout,data.gov.in - Ministry of Road Transport & Highways
466,2023,Dadra & Nagar Haveli,Dadra & Nagar Haveli,National Highway,Car/Jeep/Taxi,787,1129,251,Improper Lane Changing,15:00-18:00,Potholed,Dark - No Street Light,Foggy,Grievous Injury,Four-Arm Junction,data.gov.in - Ministry of Road Transport & Highways
467,2021,Odisha,Rourkela,State Highway,Others,10237,11745,1479,Use of Mobile Phone,06:00-09:00,Dry,Dusk/Dawn,Rainy,Grievous Injury,Y-Junction,data.gov.in - Ministry of Road Transport & Highways
468,2023,Sikkim,Sikkim,City Roads,Truck/Lorry,11186,23812,2002,Use of Mobile Phone,12:00-15:00,Under Repair,Daylight,Foggy,Minor Injury,Y-Junction,data.gov.in - Ministry of Road Transport & Highways
469,2022,Kerala,Kozhikode,State Highway,Car/Jeep/Taxi,9953,12423,1730,Over Speeding,15:00-18:00,Potholed,Dark - No Street Light,Rainy,Minor Injury,Four-Arm Junction,data.gov.in - Ministry of Road Transport & Highways
470,2020,Telangana,Hyderabad,State Highway,Auto-Rickshaw,11594,24155,1930,Fatigue/Sleep,06:00-09:00,Under Repair,Daylight,Foggy,No Injury,T-Junction,data.gov.in - Ministry of Road Transport & Highways
471,2020,Jammu & Kashmir,Srinagar,National Highway,Pedestrian,88,119,29,Improper Lane Changing,15:00-18:00,Wet,Dark - Street Light On,Rainy,Grievous Injury,Roundabout,data.gov.in - Ministry of Road Transport & Highways
472,2023,Tamil Nadu,Madurai,National Highway,Bus,11673,17712,3652,Fatigue/Sleep,06:00-09:00,Flooded,Dark - No Street Light,Rainy,Minor Injury,Y-Junction,data.gov.in - Ministry of Road Transport & Highways
473,2020,Nagaland,Nagaland,National Highway,Car/Jeep/Taxi,6869,14231,2391,Poor Weather Visibility,21:00-24:00,Dry,Dusk/Dawn,Clear,Fatal,T-Junction,data.gov.in - Ministry of Road Transport & Highways
474,2022,Dadra & Nagar Haveli,Dadra & Nagar Haveli,National Highway,Truck/Lorry,2160,2294,126,Over Speeding,21:00-24:00,Under Repair,Dark - No Street Light,Foggy,Minor Injury,Y-Junction,data.gov.in - Ministry of Road Transport & Highways
475,2021,Gujarat,Vadodara,National Highway,Bus,1381,1465,313,Use of Mobile Phone,21:00-24:00,Wet,Daylight,Rainy,Minor Injury,No Junction,data.gov.in - Ministry of Road Transport & Highways
476,2020,Andaman & Nicobar Islands,Andaman & Nicobar Islands,Other Roads,Truck/Lorry,3409,5385,370,Vehicle Defect,12:00-15:00,Under Repair,Daylight,Rainy,Grievous Injury,Y-Junction,data.gov.in - Ministry of Road Transport & Highways
477,2020,Andaman & Nicobar Islands,Andaman & Nicobar Islands,City Roads,Bus,5712,6400,1456,Jumping Red Light,00:00-06:00,Flooded,Dusk/Dawn,Rainy,No Injury,T-Junction,data.gov.in - Ministry of Road Transport & Highways
478,2022,Telangana,Hyderabad,State Highway,Bus,8827,17286,2685,Fatigue/Sleep,18:00-21:00,Potholed,Dark - Street Light On,Clear,No Injury,Four-Arm Junction,data.gov.in - Ministry of Road Transport & Highways
479,2020,Bihar,Patna,National Highway,Car/Jeep/Taxi,6685,5872,803,Bad Road Condition,15:00-18:00,Dry,Daylight,Clear,Minor Injury,Roundabout,data.gov.in - Ministry of Road Transport & Highways
480,2019,Gujarat,Ahmedabad,Expressway,Two-Wheeler,545,690,115,Jumping Red Light,21:00-24:00,Flooded,Dark - No Street Light,Misty,Fatal,No Junction,data.gov.in - Ministry of Road Transport & Highways
481,2023,Kerala,Kochi,State Highway,Truck/Lorry,7598,7106,1190,Drunk Driving,21:00-24:00,Wet,Daylight,Misty,Minor Injury,No Junction,data.gov.in - Ministry of Road Transport & Highways
482,2020,Maharashtra,Aurangabad,State Highway,Auto-Rickshaw,6704,9086,1664,Bad Road Condition,18:00-21:00,Wet,Dark - No Street Light,Misty,Fatal,T-Junction,data.gov.in - Ministry of Road Transport & Highways
483,2022,Nagaland,Nagaland,Expressway,Bicycle,4097,5594,808,Wrong Side Driving,15:00-18:00,Potholed,Dusk/Dawn,Cloudy,No Injury,Y-Junction,data.gov.in - Ministry of Road Transport & Highways
484,2020,West Bengal,Kolkata,City Roads,Bicycle,634,1246,194,Wrong Side Driving,15:00-18:00,Flooded,Dark - No Street Light,Clear,Fatal,Four-Arm Junction,data.gov.in - Ministry of Road Transport & Highways
485,2019,West Bengal,Asansol,Expressway,Bicycle,4881,7998,314,Vehicle Defect,15:00-18:00,Potholed,Dark - No Street Light,Foggy,Minor Injury,Roundabout,data.gov.in - Ministry of Road Transport & Highways
486,2020,Assam,Guwahati,State Highway,Bicycle,6673,7697,1154,Fatigue/Sleep,15:00-18:00,Flooded,Dark - Street Light On,Clear,Grievous Injury,Y-Junction,data.gov.in - Ministry of Road Transport & Highways
487,2019,Haryana,Rohtak,Other Roads,Bus,9707,17135,1752,Jumping Red Light,06:00-09:00,Under Repair,Dark - Street Light On,Foggy,No Injury,Four-Arm Junction,data.gov.in - Ministry of Road Transport & Highways
488,2023,Arunachal Pradesh,Arunachal Pradesh,State Highway,Bus,10610,25091,2926,Over Speeding,06:00-09:00,Under Repair,Dark - No Street Light,Clear,Fatal,T-Junction,data.gov.in - Ministry of Road Transport & Highways
489,2019,Chandigarh,Chandigarh,Other Roads,Car/Jeep/Taxi,11458,13305,2196,Poor Weather Visibility,21:00-24:00,Flooded,Dusk/Dawn,Clear,No Injury,Y-Junction,data.gov.in - Ministry of Road Transport & Highways
490,2022,Karnataka,Mangaluru,Other Roads,Auto-Rickshaw,6661,6024,700,Use of Mobile Phone,12:00-15:00,Under Repair,Dark - Street Light On,Misty,Minor Injury,T-Junction,data.gov.in - Ministry of Road Transport & Highways
491,2023,Telangana,Warangal,Expressway,Truck/Lorry,8998,17309,1903,Drunk Driving,00:00-06:00,Under Repair,Dark - Street Light On,Misty,Minor Injury,T-Junction,data.gov.in - Ministry of Road Transport & Highways
492,2023,Haryana,Panipat,State Highway,Pedestrian,1930,2417,465,Bad Road Condition,12:00-15:00,Under Repair,Dark - No Street Light,Cloudy,Grievous Injury,No Junction,data.gov.in - Ministry of Road Transport & Highways
493,2022,Haryana,Faridabad,National Highway,Bus,11850,12436,3687,Tyre Burst,00:00-06:00,Under Repair,Dusk/Dawn,Foggy,Minor Injury,Y-Junction,data.gov.in - Ministry of Road Transport & Highways
494,2023,West Bengal,Asansol,City Roads,Pedestrian,8691,9908,703,Use of Mobile Phone,09:00-12:00,Wet,Dark - No Street Light,Misty,Fatal,T-Junction,data.gov.in - Ministry of Road Transport & Highways
495,2020,Madhya Pradesh,Gwalior,National Highway,Two-Wheeler,5016,10408,1510,Wrong Side Driving,00:00-06:00,Dry,Dark - No Street Light,Rainy,No Injury,Roundabout,data.gov.in - Ministry of Road Transport & Highways
496,2020,Chhattisgarh,Raipur,National Highway,Auto-Rickshaw,635,1361,133,Wrong Side Driving,15:00-18:00,Dry,Dark - No Street Light,Rainy,Grievous Injury,Four-Arm Junction,data.gov.in - Ministry of Road Transport & Highways
497,2020,Karnataka,Mysuru,City Roads,Pedestrian,5364,7039,1638,Bad Road Condition,06:00-09:00,Under Repair,Dark - No Street Light,Foggy,Minor Injury,Roundabout,data.gov.in - Ministry of Road Transport & Highways
498,2021,Chandigarh,Chandigarh,Other Roads,Car/Jeep/Taxi,6393,7212,1624,Fatigue/Sleep,09:00-12:00,Dry,Dark - No Street Light,Rainy,Minor Injury,No Junction,data.gov.in - Ministry of Road Transport & Highways
499,2019,Lakshadweep,Lakshadweep,Other Roads,Bus,10849,16111,2813,Improper Lane Changing,09:00-12:00,Flooded,Dark - Street Light On,Rainy,Minor Injury,Roundabout,data.gov.in - Ministry of Road Transport & Highways
500,2022,Haryana,Panipat,Expressway,Two-Wheeler,3864,5845,1180,Improper Lane Changing,18:00-21:00,Under Repair,Dark - Street Light On,Misty,Fatal,T-Junction,data.gov.in - Ministry of Road Transport & Highways
501,2021,Dadra & Nagar Haveli,Dadra & Nagar Haveli,State Highway,Pedestrian,10125,24406,1855,Improper Lane Changing,06:00-09:00,Under Repair,Daylight,Cloudy,Fatal,Four-Arm Junction,data.gov.in - Ministry of Road Transport & Highways
502,2021,Puducherry,Puducherry,State Highway,Bus,3343,7662,1095,Tyre Burst,18:00-21:00,Wet,Dusk/Dawn,Cloudy,Fatal,No Junction,data.gov.in - Ministry of Road Transport & Highways
503,2021,Puducherry,Puducherry,Other Roads,Pedestrian,5049,8363,862,Use of Mobile Phone,21:00-24:00,Flooded,Dark - No Street Light,Clear,No Injury,Y-Junction,data.gov.in - Ministry of Road Transport & Highways
504,2019,Himachal Pradesh,Himachal Pradesh,National Highway,Pedestrian,823,1208,176,Tyre Burst,06:00-09:00,Dry,Dark - Street Light On,Clear,No Injury,T-Junction,data.gov.in - Ministry of Road Transport & Highways
505,2022,Jharkhand,Jharkhand,City Roads,Others,5422,11625,1049,Poor Weather Visibility,00:00-06:00,Flooded,Dark - No Street Light,Foggy,No Injury,Y-Junction,data.gov.in - Ministry of Road Transport & Highways
506,2021,Madhya Pradesh,Gwalior,City Roads,Auto-Rickshaw,4282,9235,506,Drunk Driving,21:00-24:00,Flooded,Dark - No Street Light,Misty,Grievous Injury,Four-Arm Junction,data.gov.in - Ministry of Road Transport & Highways
507,2020,Lakshadweep,Lakshadweep,State Highway,Others,4778,5637,464,Improper Lane Changing,15:00-18:00,Wet,Daylight,Cloudy,Minor Injury,T-Junction,data.gov.in - Ministry of Road Transport & Highways
508,2020,Nagaland,Nagaland,National Highway,Bus,8893,15768,536,Use of Mobile Phone,06:00-09:00,Wet,Dark - Street Light On,Rainy,Grievous Injury,Y-Junction,data.gov.in - Ministry of Road Transport & Highways
509,2021,Rajasthan,Jodhpur,Other Roads,Others,1563,3672,247,Bad Road Condition,09:00-12:00,Under Repair,Daylight,Misty,Grievous Injury,Four-Arm Junction,data.gov.in - Ministry of Road Transport & Highways
510,2019,Kerala,Kochi,Expressway,Truck/Lorry,7697,13159,1972,Tyre Burst,21:00-24:00,Flooded,Dark - Street Light On,Clear,No Injury,Four-Arm Junction,data.gov.in - Ministry of Road Transport & Highways
511,2021,Kerala,Thrissur,City Roads,Car/Jeep/Taxi,5656,7183,1016,Improper Lane Changing,00:00-06:00,Flooded,Dusk/Dawn,Misty,Grievous Injury,Roundabout,data.gov.in - Ministry of Road Transport & Highways
512,2021,Jharkhand,Jharkhand,City Roads,Auto-Rickshaw,8264,18154,524,Over Speeding,18:00-21:00,Flooded,Dark - No Street Light,Foggy,Fatal,Y-Junction,data.gov.in - Ministry of Road Transport & Highways
513,2021,Kerala,Thiruvananthapuram,National Highway,Car/Jeep/Taxi,8119,11349,2493,Jumping Red Light,12:00-15:00,Wet,Daylight,Misty,Minor Injury,No Junction,data.gov.in - Ministry of Road Transport & Highways
514,2021,Maharashtra,Mumbai,State Highway,Car/Jeep/Taxi,10575,11541,2171,Bad Road Condition,00:00-06:00,Flooded,Dark - Street Light On,Clear,No Injury,No Junction,data.gov.in - Ministry of Road Transport & Highways
515,2021,West Bengal,Asansol,Other Roads,Truck/Lorry,562,1193,136,Improper Lane Changing,00:00-06:00,Dry,Dusk/Dawn,Cloudy,Fatal,Y-Junction,data.gov.in - Ministry of Road Transport & Highways
516,2020,Punjab,Amritsar,Other Roads,Truck/Lorry,218,193,42,Use of Mobile Phone,18:00-21:00,Wet,Daylight,Cloudy,Minor Injury,T-Junction,data.gov.in - Ministry of Road Transport & Highways
517,2022,Haryana,Faridabad,City Roads,Pedestrian,9979,13062,2389,Use of Mobile Phone,18:00-21:00,Under Repair,Dark - No Street Light,Rainy,Grievous Injury,T-Junction,data.gov.in - Ministry of Road Transport & Highways
518,2020,Ladakh,Ladakh,Other Roads,Bicycle,2894,5470,253,Fatigue/Sleep,12:00-15:00,Potholed,Dusk/Dawn,Clear,No Injury,Roundabout,data.gov.in - Ministry of Road Transport & Highways
519,2020,Punjab,Amritsar,State Highway,Pedestrian,10207,24533,2221,Fatigue/Sleep,12:00-15:00,Wet,Daylight,Foggy,No Injury,No Junction,data.gov.in - Ministry of Road Transport & Highways
520,2022,Andaman & Nicobar Islands,Andaman & Nicobar Islands,Other Roads,Bus,2732,6242,768,Bad Road Condition,18:00-21:00,Wet,Dark - Street Light On,Cloudy,Minor Injury,No Junction,data.gov.in - Ministry of Road Transport & Highways
521,2020,Madhya Pradesh,Gwalior,Expressway,Bicycle,10149,18384,1949,Drunk Driving,15:00-18:00,Under Repair,Dark - No Street Light,Rainy,Fatal,Y-Junction,data.gov.in - Ministry of Road Transport & Highways
522,2019,Punjab,Ludhiana,State Highway,Bicycle,11031,12079,2390,Tyre Burst,21:00-24:00,Flooded,Daylight,Clear,Fatal,Roundabout,data.gov.in - Ministry of Road Transport & Highways
523,2022,Chhattisgarh,Bilaspur,Other Roads,Bicycle,927,2159,195,Fatigue/Sleep,21:00-24:00,Flooded,Dark - No Street Light,Misty,Minor Injury,Y-Junction,data.gov.in - Ministry of Road Transport & Highways
524,2019,Manipur,Manipur,National Highway,Auto-Rickshaw,10253,13747,1690,Poor Weather Visibility,12:00-15:00,Potholed,Dusk/Dawn,Rainy,No Injury,Y-Junction,data.gov.in - Ministry of Road Transport & Highways
525,2022,Rajasthan,Udaipur,City Roads,Pedestrian,5839,12820,1414,Use of Mobile Phone,21:00-24:00,Flooded,Dark - No Street Light,Cloudy,Fatal,Y-Junction,data.gov.in - Ministry of Road Transport & Highways
526,2023,Punjab,Ludhiana,State Highway,Truck/Lorry,2386,4835,154,Over Speeding,09:00-12:00,Wet,Dusk/Dawn,Clear,No Injury,Roundabout,data.gov.in - Ministry of Road Transport & Highways
527,2019,Jharkhand,Jharkhand,Other Roads,Auto-Rickshaw,2311,5077,630,Poor Weather Visibility,00:00-06:00,Under Repair,Dusk/Dawn,Rainy,Fatal,Roundabout,data.gov.in - Ministry of Road Transport & Highways
528,2023,Manipur,Manipur,City Roads,Pedestrian,11090,21855,3730,Bad Road Condition,21:00-24:00,Flooded,Daylight,Clear,No Injury,No Junction,data.gov.in - Ministry of Road Transport & Highways
529,2019,Sikkim,Sikkim,City Roads,Auto-Rickshaw,11116,17839,1717,Poor Weather Visibility,12:00-15:00,Dry,Dark - Street Light On,Foggy,Grievous Injury,No Junction,data.gov.in - Ministry of Road Transport & Highways
530,2021,Odisha,Bhubaneswar,Expressway,Auto-Rickshaw,11440,9693,3308,Improper Lane Changing,18:00-21:00,Dry,Dark - No Street Light,Cloudy,Fatal,Roundabout,data.gov.in - Ministry of Road Transport & Highways
531,2023,Gujarat,Ahmedabad,City Roads,Bicycle,418,895,120,Jumping Red Light,12:00-15:00,Under Repair,Dark - No Street Light,Misty,Minor Injury,No Junction,data.gov.in - Ministry of Road Transport & Highways
532,2020,Andaman & Nicobar Islands,Andaman & Nicobar Islands,National Highway,Truck/Lorry,5683,12762,1546,Drunk Driving,09:00-12:00,Wet,Daylight,Foggy,Minor Injury,Four-Arm Junction,data.gov.in - Ministry of Road Transport & Highways
533,2022,Arunachal Pradesh,Arunachal Pradesh,National Highway,Bus,6588,12178,1637,Wrong Side Driving,12:00-15:00,Dry,Daylight,Misty,Minor Injury,No Junction,data.gov.in - Ministry of Road Transport & Highways
534,2021,Andhra Pradesh,Tirupati,City Roads,Bicycle,11206,24227,1619,Jumping Red Light,12:00-15:00,Wet,Dark - Street Light On,Foggy,Fatal,Four-Arm Junction,data.gov.in - Ministry of Road Transport & Highways
535,2021,Chandigarh,Chandigarh,City Roads,Bicycle,6061,8925,1836,Drunk Driving,21:00-24:00,Wet,Dark - No Street Light,Clear,Fatal,T-Junction,data.gov.in - Ministry of Road Transport & Highways
536,2023,Karnataka,Bengaluru,National Highway,Pedestrian,9092,20895,1076,Over Speeding,09:00-12:00,Wet,Dark - No Street Light,Rainy,Minor Injury,Roundabout,data.gov.in - Ministry of Road Transport & Highways
537,2022,Manipur,Manipur,State Highway,Bus,7008,8714,903,Vehicle Defect,12:00-15:00,Under Repair,Dark - No Street Light,Misty,No Injury,Four-Arm Junction,data.gov.in - Ministry of Road Transport & Highways
538,2023,Assam,Guwahati,Expressway,Auto-Rickshaw,1077,1895,311,Jumping Red Light,09:00-12:00,Wet,Dark - No Street Light,Misty,Fatal,Y-Junction,data.gov.in - Ministry of Road Transport & Highways
539,2019,West Bengal,Asansol,City Roads,Bus,11997,23235,4085,Drunk Driving,18:00-21:00,Wet,Daylight,Foggy,Grievous Injury,No Junction,data.gov.in - Ministry of Road Transport & Highways
540,2023,Mizoram,Mizoram,Other Roads,Others,392,352,43,Drunk Driving,06:00-09:00,Flooded,Dark - No Street Light,Clear,No Injury,No Junction,data.gov.in - Ministry of Road Transport & Highways
541,2020,Maharashtra,Nagpur,Expressway,Pedestrian,702,1246,180,Bad Road Condition,21:00-24:00,Potholed,Daylight,Misty,Fatal,T-Junction,data.gov.in - Ministry of Road Transport & Highways
542,2019,Himachal Pradesh,Himachal Pradesh,State Highway,Pedestrian,9054,12262,1202,Tyre Burst,21:00-24:00,Dry,Dark - No Street Light,Clear,No Injury,Y-Junction,data.gov.in - Ministry of Road Transport & Highways
543,2019,Chandigarh,Chandigarh,City Roads,Bicycle,8881,12978,2921,Over Speeding,09:00-12:00,Under Repair,Dark - Street Light On,Foggy,No Injury,Y-Junction,data.gov.in - Ministry of Road Transport & Highways
544,2021,Madhya Pradesh,Gwalior,State Highway,Bicycle,6966,13085,1331,Tyre Burst,18:00-21:00,Wet,Dusk/Dawn,Clear,Minor Injury,No Junction,data.gov.in - Ministry of Road Transport & Highways
545,2022,Madhya Pradesh,Bhopal,City Roads,Bus,10962,26216,1233,Drunk Driving,09:00-12:00,Wet,Dusk/Dawn,Foggy,Fatal,Roundabout,data.gov.in - Ministry of Road Transport & Highways
546,2022,Maharashtra,Pune,Expressway,Truck/Lorry,9247,18042,2438,Fatigue/Sleep,12:00-15:00,Wet,Daylight,Foggy,Fatal,No Junction,data.gov.in - Ministry of Road Transport & Highways
547,2020,Chhattisgarh,Durg,Other Roads,Others,7024,17385,404,Over Speeding,00:00-06:00,Dry,Dusk/Dawn,Foggy,Minor Injury,Y-Junction,data.gov.in - Ministry of Road Transport & Highways
548,2021,Andhra Pradesh,Vijayawada,City Roads,Bus,6365,11409,602,Use of Mobile Phone,18:00-21:00,Potholed,Dark - Street Light On,Foggy,Fatal,Y-Junction,data.gov.in - Ministry of Road Transport & Highways
549,2021,Bihar,Muzaffarpur,National Highway,Truck/Lorry,2724,4547,512,Bad Road Condition,12:00-15:00,Under Repair,Dark - No Street Light,Misty,Minor Injury,Roundabout,data.gov.in - Ministry of Road Transport & Highways
550,2022,Daman & Diu,Daman & Diu,Other Roads,Pedestrian,5746,9860,962,Over Speeding,12:00-15:00,Dry,Dark - Street Light On,Rainy,Minor Injury,T-Junction,data.gov.in - Ministry of Road Transport & Highways
551,2020,Chandigarh,Chandigarh,City Roads,Car/Jeep/Taxi,5435,11753,474,Over Speeding,21:00-24:00,Wet,Dark - Street Light On,Clear,Grievous Injury,No Junction,data.gov.in - Ministry of Road Transport & Highways
552,2021,Arunachal Pradesh,Arunachal Pradesh,City Roads,Car/Jeep/Taxi,2746,3814,453,Wrong Side Driving,18:00-21:00,Potholed,Dark - Street Light On,Rainy,Fatal,Four-Arm Junction,data.gov.in - Ministry of Road Transport & Highways
553,2020,Jharkhand,Jharkhand,National Highway,Others,11714,23228,1355,Jumping Red Light,06:00-09:00,Flooded,Dark - No Street Light,Foggy,Grievous Injury,T-Junction,data.gov.in - Ministry of Road Transport & Highways
554,2023,Maharashtra,Mumbai,State Highway,Two-Wheeler,2865,3590,368,Drunk Driving,12:00-15:00,Flooded,Dark - Street Light On,Misty,Grievous Injury,Roundabout,data.gov.in - Ministry of Road Transport & Highways
555,2019,Andhra Pradesh,Guntur,National Highway,Pedestrian,11508,27530,2812,Fatigue/Sleep,18:00-21:00,Wet,Dusk/Dawn,Rainy,No Injury,Roundabout,data.gov.in - Ministry of Road Transport & Highways
556,2023,Nagaland,Nagaland,National Highway,Car/Jeep/Taxi,10660,21258,780,Bad Road Condition,09:00-12:00,Dry,Dark - No Street Light,Foggy,Minor Injury,No Junction,data.gov.in - Ministry of Road Transport & Highways
557,2023,Gujarat,Ahmedabad,National Highway,Truck/Lorry,9436,18494,1281,Tyre Burst,00:00-06:00,Wet,Daylight,Cloudy,No Injury,No Junction,data.gov.in - Ministry of Road Transport & Highways
558,2021,Goa,Goa,City Roads,Car/Jeep/Taxi,3482,5608,445,Improper Lane Changing,12:00-15:00,Flooded,Daylight,Clear,No Injury,T-Junction,data.gov.in - Ministry of Road Transport & Highways
559,2023,Odisha,Rourkela,National Highway,Truck/Lorry,8975,7730,520,Fatigue/Sleep,06:00-09:00,Potholed,Dusk/Dawn,Cloudy,No Injury,Roundabout,data.gov.in - Ministry of Road Transport & Highways
560,2019,Daman & Diu,Daman & Diu,Other Roads,Others,2212,4991,647,Over Speeding,09:00-12:00,Flooded,Dark - No Street Light,Foggy,Grievous Injury,Four-Arm Junction,data.gov.in - Ministry of Road Transport & Highways
561,2019,Uttarakhand,Uttarakhand,Other Roads,Bicycle,9586,17731,1640,Over Speeding,00:00-06:00,Wet,Dusk/Dawn,Clear,Fatal,Roundabout,data.gov.in - Ministry of Road Transport & Highways
562,2020,Lakshadweep,Lakshadweep,City Roads,Pedestrian,7610,13843,2382,Poor Weather Visibility,21:00-24:00,Potholed,Dark - Street Light On,Misty,Minor Injury,No Junction,data.gov.in - Ministry of Road Transport & Highways
563,2019,Arunachal Pradesh,Arunachal Pradesh,Other Roads,Truck/Lorry,6508,15622,712,Fatigue/Sleep,18:00-21:00,Wet,Daylight,Foggy,Fatal,No Junction,data.gov.in - Ministry of Road Transport & Highways
564,2020,Himachal Pradesh,Himachal Pradesh,City Roads,Others,7116,6980,595,Poor Weather Visibility,06:00-09:00,Potholed,Dark - Street Light On,Foggy,Fatal,No Junction,data.gov.in - Ministry of Road Transport & Highways
565,2019,Uttar Pradesh,Allahabad,National Highway,Auto-Rickshaw,1772,3247,316,Fatigue/Sleep,09:00-12:00,Under Repair,Daylight,Cloudy,Grievous Injury,T-Junction,data.gov.in - Ministry of Road Transport & Highways
566,2021,Himachal Pradesh,Himachal Pradesh,Other Roads,Pedestrian,2541,3861,603,Over Speeding,00:00-06:00,Under Repair,Dusk/Dawn,Rainy,Fatal,Y-Junction,data.gov.in - Ministry of Road Transport & Highways
567,2019,Rajasthan,Udaipur,Expressway,Car/Jeep/Taxi,7582,6409,1832,Wrong Side Driving,18:00-21:00,Flooded,Dark - No Street Light,Foggy,No Injury,Y-Junction,data.gov.in - Ministry of Road Transport & Highways
568,2021,Uttar Pradesh,Lucknow,Other Roads,Pedestrian,3574,5310,701,Jumping Red Light,09:00-12:00,Under Repair,Dark - Street Light On,Misty,Fatal,Roundabout,data.gov.in - Ministry of Road Transport & Highways
569,2019,Assam,Dibrugarh,Other Roads,Auto-Rickshaw,9505,13499,849,Improper Lane Changing,09:00-12:00,Flooded,Dusk/Dawn,Rainy,Grievous Injury,No Junction,data.gov.in - Ministry of Road Transport & Highways
570,2022,Tamil Nadu,Salem,Other Roads,Bus,11665,23458,3546,Use of Mobile Phone,06:00-09:00,Under Repair,Dark - Street Light On,Misty,Fatal,No Junction,data.gov.in - Ministry of Road Transport & Highways
571,2023,Bihar,Muzaffarpur,Expressway,Bicycle,574,1050,108,Bad Road Condition,06:00-09:00,Under Repair,Dusk/Dawn,Misty,Fatal,Y-Junction,data.gov.in - Ministry of Road Transport & Highways
572,2022,Goa,Goa,State Highway,Auto-Rickshaw,1212,1091,75,Improper Lane Changing,18:00-21:00,Wet,Daylight,Clear,Minor Injury,Four-Arm Junction,data.gov.in - Ministry of Road Transport & Highways
573,2019,Andhra Pradesh,Guntur,Expressway,Bus,11014,20897,2061,Drunk Driving,00:00-06:00,Flooded,Daylight,Clear,Grievous Injury,No Junction,data.gov.in - Ministry of Road Transport & Highways
574,2023,Telangana,Karimnagar,City Roads,Others,5523,8954,517,Jumping Red Light,06:00-09:00,Potholed,Dark - Street Light On,Misty,No Injury,T-Junction,data.gov.in - Ministry of Road Transport & Highways
575,2019,Telangana,Karimnagar,National Highway,Bus,10151,14038,2716,Use of Mobile Phone,15:00-18:00,Wet,Daylight,Rainy,Grievous Injury,Roundabout,data.gov.in - Ministry of Road Transport & Highways
576,2019,Jammu & Kashmir,Srinagar,Expressway,Auto-Rickshaw,874,1191,67,Bad Road Condition,06:00-09:00,Wet,Dusk/Dawn,Foggy,Fatal,Four-Arm Junction,data.gov.in - Ministry of Road Transport & Highways
577,2021,Nagaland,Nagaland,City Roads,Bicycle,6129,7408,596,Improper Lane Changing,18:00-21:00,Wet,Dark - No Street Light,Cloudy,Minor Injury,T-Junction,data.gov.in - Ministry of Road Transport & Highways
578,2019,Goa,Goa,State Highway,Bus,1324,2595,329,Vehicle Defect,06:00-09:00,Under Repair,Daylight,Rainy,No Injury,No Junction,data.gov.in - Ministry of Road Transport & Highways
579,2021,Karnataka,Bengaluru,National Highway,Others,10300,24504,1537,Drunk Driving,15:00-18:00,Dry,Dusk/Dawn,Clear,Minor Injury,T-Junction,data.gov.in - Ministry of Road Transport & Highways