SNo,Year,State_UT,City,Road_Classification,Mode_of_Transport,Total_Accidents,Persons_Injured,Persons_Killed,Accident_Cause,Time_of_Accident,Road_Condition,Light_Condition,Weather_Condition,Injury_Severity,Junction_Type,Source
580,2019,Rajasthan,Jaipur,State Highway,Bicycle,8198,17852,2461,Bad Road Condition,06:00-09:00,Flooded,Dark - No Street Light,Cloudy,Minor Injury,Four-Arm Junction,data.gov.in - Ministry of Road Transport & Highways
581,2020,Maharashtra,Aurangabad,National Highway,Truck/Lorry,6983,14755,1472,Vehicle Defect,18:00-21:00,Wet,Dark - Street Light On,Misty,Minor Injury,Four-Arm Junction,data.gov.in - Ministry of Road Transport & Highways
582,2021,Chhattisgarh,Bilaspur,Other Roads,Two-Wheeler,11570,26781,3521,Use of Mobile Phone,09:00-12:00,Under Repair,Dusk/Dawn,Misty,Grievous Injury,Y-Junction,data.gov.in - Ministry of Road Transport & Highways
583,2023,Uttar Pradesh,Kanpur,City Roads,Auto-Rickshaw,11059,17266,883,Vehicle Defect,00:00-06:00,Wet,Dark - No Street Light,Clear,Grievous Injury,Roundabout,data.gov.in - Ministry of Road Transport & Highways
584,2020,Andhra Pradesh,Vijayawada,Other Roads,Two-Wheeler,10905,11742,2091,Tyre Burst,09:00-12:00,Potholed,Dark - Street Light On,Foggy,No Injury,Roundabout,data.gov.in - Ministry of Road Transport & Highways
585,2021,Mizoram,Mizoram,Other Roads,Car/Jeep/Taxi,4674,9450,660,Fatigue/Sleep,00:00-06:00,Dry,Dark - No Street Light,Clear,No Injury,T-Junction,data.gov.in - Ministry of Road Transport & Highways
586,2019,Telangana,Warangal,State Highway,Truck/Lorry,4440,10144,290,Use of Mobile Phone,21:00-24:00,Wet,Daylight,Clear,Minor Injury,No Junction,data.gov.in - Ministry of Road Transport & Highways
587,2019,Kerala,Thiruvananthapuram,Expressway,Pedestrian,327,346,111,Over Speeding,06:00-09:00,Dry,Dark - Street Light On,Foggy,Grievous Injury,Roundabout,data.gov.in - Ministry of Road Transport & Highways
588,2019,Mizoram,Mizoram,Expressway,Pedestrian,2791,2326,412,Tyre Burst,18:00-21:00,Flooded,Dark - No Street Light,Foggy,Fatal,Roundabout,data.gov.in - Ministry of Road Transport & Highways
589,2023,Meghalaya,Meghalaya,Other Roads,Pedestrian,3877,6447,1106,Fatigue/Sleep,12:00-15:00,Dry,Dark - No Street Light,Foggy,Fatal,T-Junction,data.gov.in - Ministry of Road Transport & Highways
590,2019,Puducherry,Puducherry,City Roads,Pedestrian,10342,17435,591,Poor Weather Visibility,09:00-12:00,Potholed,Dark - No Street Light,Foggy,Minor Injury,Four-Arm Junction,data.gov.in - Ministry of Road Transport & Highways
591,2019,Meghalaya,Meghalaya,Other Roads,Auto-Rickshaw,8260,16159,1099,Drunk Driving,09:00-12:00,Under Repair,Dark - No Street Light,Cloudy,Fatal,Roundabout,data.gov.in - Ministry of Road Transport & Highways
592,2021,Delhi,West Delhi,Expressway,Truck/Lorry,10452,11065,3570,Vehicle Defect,00:00-06:00,Under Repair,Dark - Street Light On,Foggy,No Injury,No Junction,data.gov.in - Ministry of Road Transport & Highways
593,2021,Manipur,Manipur,State Highway,Two-Wheeler,1197,2925,159,Use of Mobile Phone,21:00-24:00,Dry,Dark - No Street Light,Foggy,Minor Injury,No Junction,data.gov.in - Ministry of Road Transport & Highways
594,2023,Andaman & Nicobar Islands,Andaman & Nicobar Islands,City Roads,Auto-Rickshaw,1602,3729,425,Bad Road Condition,00:00-06:00,Dry,Dark - No Street Light,Rainy,No Injury,Four-Arm Junction,data.gov.in - Ministry of Road Transport & Highways
595,2022,Punjab,Jalandhar,Other Roads,Two-Wheeler,8313,7622,1958,Tyre Burst,00:00-06:00,Potholed,Dark - Street Light On,Cloudy,Fatal,Four-Arm Junction,data.gov.in - Ministry of Road Transport & Highways
596,2020,Jharkhand,Jharkhand,Other Roads,Others,6656,5641,2289,Improper Lane Changing,09:00-12:00,Flooded,Dark - No Street Light,Misty,Minor Injury,Roundabout,data.gov.in - Ministry of Road Transport & Highways
597,2019,Lakshadweep,Lakshadweep,City Roads,Truck/Lorry,9604,16344,1354,Jumping Red Light,09:00-12:00,Wet,Dark - No Street Light,Rainy,Grievous Injury,Roundabout,data.gov.in - Ministry of Road Transport & Highways
598,2021,Daman & Diu,Daman & Diu,City Roads,Two-Wheeler,10647,24156,2057,Poor Weather Visibility,06:00-09:00,Dry,Dark - Street Light On,Clear,No Injury,No Junction,data.gov.in - Ministry of Road Transport & Highways
599,2020,Assam,Silchar,City Roads,Pedestrian,5839,5187,1044,Vehicle Defect,06:00-09:00,Flooded,Daylight,Cloudy,No Injury,Roundabout,data.gov.in - Ministry of Road Transport & Highways
600,2020,Chandigarh,Chandigarh,State Highway,Auto-Rickshaw,1698,2250,263,Fatigue/Sleep,15:00-18:00,Potholed,Daylight,Rainy,No Injury,T-Junction,data.gov.in - Ministry of Road Transport & Highways
601,2019,Goa,Goa,National Highway,Pedestrian,4064,7951,929,Drunk Driving,15:00-18:00,Flooded,Dark - Street Light On,Clear,Fatal,T-Junction,data.gov.in - Ministry of Road Transport & Highways
602,2019,Nagaland,Nagaland,Other Roads,Pedestrian,5567,12761,498,Bad Road Condition,18:00-21:00,Potholed,Dark - No Street Light,Rainy,Minor Injury,T-Junction,data.gov.in - Ministry of Road Transport & Highways
603,2023,West Bengal,Durgapur,Other Roads,Truck/Lorry,3746,7874,966,Tyre Burst,21:00-24:00,Flooded,Dark - No Street Light,Rainy,Grievous Injury,Roundabout,data.gov.in - Ministry of Road Transport & Highways
604,2023,Dadra & Nagar Haveli,Dadra & Nagar Haveli,City Roads,Two-Wheeler,2381,4131,710,Drunk Driving,18:00-21:00,Potholed,Dark - Street Light On,Clear,Minor Injury,Roundabout,data.gov.in - Ministry of Road Transport & Highways
605,2019,Kerala,Thrissur,Other Roads,Two-Wheeler,6756,6797,2095,Fatigue/Sleep,06:00-09:00,Potholed,Dusk/Dawn,Foggy,Minor Injury,Four-Arm Junction,data.gov.in - Ministry of Road Transport & Highways
606,2023,Madhya Pradesh,Bhopal,National Highway,Auto-Rickshaw,3967,3318,324,Wrong Side Driving,18:00-21:00,Dry,Daylight,Foggy,Minor Injury,Y-Junction,data.gov.in - Ministry of Road Transport & Highways
607,2020,Dadra & Nagar Haveli,Dadra & Nagar Haveli,Other Roads,Pedestrian,1354,2319,371,Poor Weather Visibility,12:00-15:00,Under Repair,Dark - No Street Light,Cloudy,Minor Injury,T-Junction,data.gov.in - Ministry of Road Transport & Highways
608,2021,Uttar Pradesh,Varanasi,State Highway,Car/Jeep/Taxi,9131,19271,762,Fatigue/Sleep,06:00-09:00,Under Repair,Daylight,Rainy,No Injury,T-Junction,data.gov.in - Ministry of Road Transport & Highways
609,2022,Mizoram,Mizoram,City Roads,Truck/Lorry,7632,15195,1473,Drunk Driving,09:00-12:00,Potholed,Daylight,Cloudy,Minor Injury,Roundabout,data.gov.in - Ministry of Road Transport & Highways
610,2023,Haryana,Rohtak,City Roads,Pedestrian,4863,8153,1587,Wrong Side Driving,06:00-09:00,Under Repair,Dusk/Dawn,Rainy,Grievous Injury,Roundabout,data.gov.in - Ministry of Road Transport & Highways
611,2023,Arunachal Pradesh,Arunachal Pradesh,Expressway,Bicycle,11362,22171,1642,Jumping Red Light,12:00-15:00,Dry,Dark - No Street Light,Clear,Minor Injury,Roundabout,data.gov.in - Ministry of Road Transport & Highways
612,2022,Bihar,Gaya,State Highway,Bicycle,7760,15298,2477,Improper Lane Changing,15:00-18:00,Flooded,Dark - No Street Light,Foggy,No Injury,Roundabout,data.gov.in - Ministry of Road Transport & Highways
613,2023,Sikkim,Sikkim,State Highway,Two-Wheeler,8203,9151,2571,Wrong Side Driving,18:00-21:00,Wet,Daylight,Foggy,No Injury,T-Junction,data.gov.in - Ministry of Road Transport & Highways
614,2020,Tamil Nadu,Chennai,State Highway,Auto-Rickshaw,2904,5913,446,Wrong Side Driving,15:00-18:00,Under Repair,Dark - Street Light On,Clear,No Injury,Four-Arm Junction,data.gov.in - Ministry of Road Transport & Highways
615,2023,Assam,Dibrugarh,National Highway,Auto-Rickshaw,796,1096,49,Improper Lane Changing,21:00-24:00,Under Repair,Daylight,Clear,No Injury,Roundabout,data.gov.in - Ministry of Road Transport & Highways
616,2023,Sikkim,Sikkim,Expressway,Car/Jeep/Taxi,1100,2739,248,Drunk Driving,18:00-21:00,Wet,Dusk/Dawn,Cloudy,No Injury,Four-Arm Junction,data.gov.in - Ministry of Road Transport & Highways
617,2019,Mizoram,Mizoram,Expressway,Two-Wheeler,8897,12314,2739,Vehicle Defect,00:00-06:00,Dry,Dark - No Street Light,Clear,No Injury,Roundabout,data.gov.in - Ministry of Road Transport & Highways
618,2021,Manipur,Manipur,City Roads,Pedestrian,10662,17622,2812,Drunk Driving,18:00-21:00,Wet,Dark - Street Light On,Foggy,No Injury,Roundabout,data.gov.in - Ministry of Road Transport & Highways
619,2021,Jammu & Kashmir,Srinagar,Other Roads,Pedestrian,8822,17354,3077,Tyre Burst,09:00-12:00,Potholed,Dusk/Dawn,Rainy,Fatal,T-Junction,data.gov.in - Ministry of Road Transport & Highways
620,2019,Uttarakhand,Uttarakhand,National Highway,Others,6731,10663,2179,Over Speeding,21:00-24:00,Flooded,Daylight,Rainy,Minor Injury,Y-Junction,data.gov.in - Ministry of Road Transport & Highways
621,2021,Uttarakhand,Uttarakhand,National Highway,Others,10498,21004,2895,Fatigue/Sleep,18:00-21:00,Wet,Dark - Street Light On,Foggy,Grievous Injury,T-Junction,data.gov.in - Ministry of Road Transport & Highways
622,2021,Himachal Pradesh,Himachal Pradesh,State Highway,Pedestrian,4164,5907,1013,Vehicle Defect,09:00-12:00,Dry,Dusk/Dawn,Rainy,No Injury,Roundabout,data.gov.in - Ministry of Road Transport & Highways
623,2019,Puducherry,Puducherry,State Highway,Car/Jeep/Taxi,7814,12058,1124,Jumping Red Light,06:00-09:00,Dry,Dark - Street Light On,Clear,Fatal,T-Junction,data.gov.in - Ministry of Road Transport & Highways
624,2020,Mizoram,Mizoram,National Highway,Pedestrian,6373,5886,1237,Over Speeding,06:00-09:00,Wet,Dark - Street Light On,Clear,Minor Injury,Y-Junction,data.gov.in - Ministry of Road Transport & Highways
625,2022,Uttar Pradesh,Meerut,National Highway,Truck/Lorry,2215,3660,503,Fatigue/Sleep,00:00-06:00,Potholed,Dark - No Street Light,Clear,No Injury,Four-Arm Junction,data.gov.in - Ministry of Road Transport & Highways
626,2023,Arunachal Pradesh,Arunachal Pradesh,Expressway,Two-Wheeler,5019,12105,1646,Drunk Driving,15:00-18:00,Flooded,Dark - Street Light On,Cloudy,Fatal,Four-Arm Junction,data.gov.in - Ministry of Road Transport & Highways
627,2022,Chandigarh,Chandigarh,City Roads,Pedestrian,4176,8718,940,Fatigue/Sleep,09:00-12:00,Potholed,Dusk/Dawn,Rainy,Grievous Injury,Y-Junction,data.gov.in - Ministry of Road Transport & Highways
628,2021,Andaman & Nicobar Islands,Andaman & Nicobar Islands,City Roads,Truck/Lorry,2002,3588,341,Over Speeding,06:00-09:00,Under Repair,Dark - Street Light On,Cloudy,Fatal,Roundabout,data.gov.in - Ministry of Road Transport & Highways
629,2019,Gujarat,Surat,State Highway,Car/Jeep/Taxi,9549,14145,1928,Poor Weather Visibility,15:00-18:00,Dry,Dark - Street Light On,Misty,Fatal,T-Junction,data.gov.in - Ministry of Road Transport & Highways
630,2019,Uttarakhand,Uttarakhand,State Highway,Auto-Rickshaw,10,10,3,Vehicle Defect,00:00-06:00,Wet,Dusk/Dawn,Clear,No Injury,T-Junction,data.gov.in - Ministry of Road Transport & Highways
631,2020,Jammu & Kashmir,Srinagar,Other Roads,Bicycle,6220,5214,1059,Over Speeding,21:00-24:00,Flooded,Dark - Street Light On,Rainy,Fatal,Roundabout,data.gov.in - Ministry of Road Transport & Highways
632,2021,Uttarakhand,Uttarakhand,Expressway,Two-Wheeler,1044,1245,196,Vehicle Defect,00:00-06:00,Under Repair,Dusk/Dawn,Rainy,Grievous Injury,Y-Junction,data.gov.in - Ministry of Road Transport & Highways
633,2019,Himachal Pradesh,Himachal Pradesh,Other Roads,Auto-Rickshaw,1085,1441,219,Jumping Red Light,21:00-24:00,Potholed,Daylight,Rainy,Grievous Injury,Y-Junction,data.gov.in - Ministry of Road Transport & Highways
634,2022,Puducherry,Puducherry,Expressway,Others,3361,6484,536,Poor Weather Visibility,06:00-09:00,Potholed,Dusk/Dawn,Clear,Fatal,No Junction,data.gov.in - Ministry of Road Transport & Highways
635,2022,Karnataka,Mangaluru,Expressway,Others,9396,22757,3232,Fatigue/Sleep,18:00-21:00,Potholed,Daylight,Cloudy,Grievous Injury,Four-Arm Junction,data.gov.in - Ministry of Road Transport & Highways
636,2022,Gujarat,Rajkot,City Roads,Car/Jeep/Taxi,995,2085,70,Poor Weather Visibility,00:00-06:00,Dry,Dark - No Street Light,Foggy,Fatal,No Junction,data.gov.in - Ministry of Road Transport & Highways
637,2023,Punjab,Patiala,City Roads,Two-Wheeler,7213,16264,1210,Jumping Red Light,18:00-21:00,Potholed,Dusk/Dawn,Rainy,Minor Injury,No Junction,data.gov.in - Ministry of Road Transport & Highways
638,2021,Karnataka,Mysuru,City Roads,Car/Jeep/Taxi,10284,9561,2873,Tyre Burst,15:00-18:00,Wet,Daylight,Foggy,No Injury,No Junction,data.gov.in - Ministry of Road Transport & Highways
639,2022,Uttar Pradesh,Kanpur,Other Roads,Bicycle,6960,9959,1594,Tyre Burst,18:00-21:00,Under Repair,Dark - No Street Light,Cloudy,No Injury,Roundabout,data.gov.in - Ministry of Road Transport & Highways
640,2023,Ladakh,Ladakh,National Highway,Car/Jeep/Taxi,9063,19457,821,Wrong Side Driving,00:00-06:00,Dry,Dark - No Street Light,Rainy,Minor Injury,No Junction,data.gov.in - Ministry of Road Transport & Highways
641,2022,Chhattisgarh,Raipur,National Highway,Bicycle,79,98,19,Fatigue/Sleep,06:00-09:00,Flooded,Dark - Street Light On,Rainy,Grievous Injury,Four-Arm Junction,data.gov.in - Ministry of Road Transport & Highways
642,2022,Andaman & Nicobar Islands,Andaman & Nicobar Islands,National Highway,Bus,2182,2342,393,Vehicle Defect,18:00-21:00,Potholed,Daylight,Cloudy,Fatal,T-Junction,data.gov.in - Ministry of Road Transport & Highways
643,2020,Rajasthan,Udaipur,Expressway,Auto-Rickshaw,2046,1739,542,Poor Weather Visibility,21:00-24:00,Under Repair,Dusk/Dawn,Rainy,Grievous Injury,Y-Junction,data.gov.in - Ministry of Road Transport & Highways
644,2022,Meghalaya,Meghalaya,National Highway,Pedestrian,7028,13849,1074,Improper Lane Changing,18:00-21:00,Dry,Dusk/Dawn,Clear,Fatal,Y-Junction,data.gov.in - Ministry of Road Transport & Highways
645,2019,Dadra & Nagar Haveli,Dadra & Nagar Haveli,City Roads,Car/Jeep/Taxi,9996,11570,2514,Bad Road Condition,06:00-09:00,Wet,Dark - No Street Light,Rainy,Grievous Injury,No Junction,data.gov.in - Ministry of Road Transport & Highways
646,2021,West Bengal,Howrah,Expressway,Truck/Lorry,542,985,105,Fatigue/Sleep,06:00-09:00,Potholed,Daylight,Misty,Minor Injury,Roundabout,data.gov.in - Ministry of Road Transport & Highways
647,2023,Dadra & Nagar Haveli,Dadra & Nagar Haveli,State Highway,Pedestrian,11138,10872,2333,Vehicle Defect,00:00-06:00,Wet,Daylight,Rainy,Grievous Injury,T-Junction,data.gov.in - Ministry of Road Transport & Highways
648,2019,Puducherry,Puducherry,Expressway,Truck/Lorry,7588,13209,1219,Jumping Red Light,06:00-09:00,Potholed,Dusk/Dawn,Rainy,Fatal,Four-Arm Junction,data.gov.in - Ministry of Road Transport & Highways
649,2021,Telangana,Warangal,National Highway,Others,2197,4554,545,Fatigue/Sleep,09:00-12:00,Under Repair,Dark - No Street Light,Rainy,Minor Injury,Y-Junction,data.gov.in - Ministry of Road Transport & Highways
650,2019,Bihar,Bhagalpur,Expressway,Two-Wheeler,2972,6577,836,Jumping Red Light,18:00-21:00,Flooded,Daylight,Cloudy,Minor Injury,Y-Junction,data.gov.in - Ministry of Road Transport & Highways
651,2020,Manipur,Manipur,State Highway,Bus,7576,7785,989,Improper Lane Changing,00:00-06:00,Dry,Daylight,Cloudy,Minor Injury,T-Junction,data.gov.in - Ministry of Road Transport & Highways
652,2022,Haryana,Gurgaon,Expressway,Truck/Lorry,2313,5261,518,Jumping Red Light,15:00-18:00,Potholed,Dusk/Dawn,Clear,Fatal,No Junction,data.gov.in - Ministry of Road Transport & Highways
653,2021,Arunachal Pradesh,Arunachal Pradesh,Expressway,Auto-Rickshaw,8987,16035,2422,Fatigue/Sleep,12:00-15:00,Flooded,Dusk/Dawn,Foggy,No Injury,T-Junction,data.gov.in - Ministry of Road Transport & Highways
654,2022,Gujarat,Ahmedabad,State Highway,Two-Wheeler,8180,18781,1048,Improper Lane Changing,15:00-18:00,Dry,Dark - Street Light On,Rainy,Minor Injury,Roundabout,data.gov.in - Ministry of Road Transport & Highways
655,2022,Dadra & Nagar Haveli,Dadra & Nagar Haveli,City Roads,Pedestrian,3593,5759,836,Vehicle Defect,21:00-24:00,Wet,Dusk/Dawn,Cloudy,No Injury,T-Junction,data.gov.in - Ministry of Road Transport & Highways
656,2021,Sikkim,Sikkim,Expressway,Two-Wheeler,3888,5029,1203,Drunk Driving,00:00-06:00,Under Repair,Dark - No Street Light,Foggy,No Injury,Four-Arm Junction,data.gov.in - Ministry of Road Transport & Highways
657,2022,Uttar Pradesh,Noida,Other Roads,Bus,2231,3214,386,Fatigue/Sleep,15:00-18:00,Dry,Dark - No Street Light,Misty,Grievous Injury,Roundabout,data.gov.in - Ministry of Road Transport & Highways
658,2020,Maharashtra,Mumbai,City Roads,Others,5307,9970,591,Vehicle Defect,21:00-24:00,Under Repair,Dark - No Street Light,Foggy,Fatal,Four-Arm Junction,data.gov.in - Ministry of Road Transport & Highways
659,2019,Karnataka,Hubli,City Roads,Pedestrian,11053,9519,1346,Over Speeding,06:00-09:00,Dry,Dark - Street Light On,Cloudy,Minor Injury,Roundabout,data.gov.in - Ministry of Road Transport & Highways
660,2019,Jammu & Kashmir,Srinagar,Other Roads,Bus,7860,18573,754,Vehicle Defect,09:00-12:00,Wet,Dusk/Dawn,Foggy,Grievous Injury,Roundabout,data.gov.in - Ministry of Road Transport & Highways
661,2023,Arunachal Pradesh,Arunachal Pradesh,City Roads,Car/Jeep/Taxi,2776,4498,398,Drunk Driving,06:00-09:00,Potholed,Dark - No Street Light,Cloudy,Fatal,Y-Junction,data.gov.in - Ministry of Road Transport & Highways
662,2021,Kerala,Thiruvananthapuram,National Highway,Bicycle,7985,16969,1819,Improper Lane Changing,15:00-18:00,Wet,Dark - Street Light On,Foggy,Grievous Injury,T-Junction,data.gov.in - Ministry of Road Transport & Highways
663,2021,Kerala,Thrissur,Expressway,Auto-Rickshaw,10327,12522,2933,Over Speeding,06:00-09:00,Under Repair,Dusk/Dawn,Foggy,Grievous Injury,Y-Junction,data.gov.in - Ministry of Road Transport & Highways
664,2022,Mizoram,Mizoram,State Highway,Bicycle,5457,4390,1660,Drunk Driving,12:00-15:00,Under Repair,Dark - No Street Light,Cloudy,Fatal,T-Junction,data.gov.in - Ministry of Road Transport & Highways
665,2023,Puducherry,Puducherry,Expressway,Car/Jeep/Taxi,1232,2219,350,Jumping Red Light,12:00-15:00,Flooded,Daylight,Rainy,Minor Injury,No Junction,data.gov.in - Ministry of Road Transport & Highways
666,2023,Kerala,Kochi,Other Roads,Truck/Lorry,7411,9968,1124,Improper Lane Changing,18:00-21:00,Potholed,Dark - Street Light On,Clear,Fatal,Four-Arm Junction,data.gov.in - Ministry of Road Transport & Highways
667,2023,Punjab,Jalandhar,City Roads,Bicycle,8233,16731,484,Poor Weather Visibility,00:00-06:00,Under Repair,Dusk/Dawn,Rainy,Minor Injury,Roundabout,data.gov.in - Ministry of Road Transport & Highways
668,2023,Andaman & Nicobar Islands,Andaman & Nicobar Islands,National Highway,Auto-Rickshaw,6766,11308,1805,Fatigue/Sleep,12:00-15:00,Flooded,Dusk/Dawn,Cloudy,Minor Injury,Roundabout,data.gov.in - Ministry of Road Transport & Highways
669,2023,Punjab,Jalandhar,City Roads,Truck/Lorry,3001,6696,761,Tyre Burst,15:00-18:00,Flooded,Dark - No Street Light,Foggy,No Injury,T-Junction,data.gov.in - Ministry of Road Transport & Highways
670,2022,Karnataka,Bengaluru,City Roads,Pedestrian,10575,15237,1936,Wrong Side Driving,12:00-15:00,Under Repair,Dark - No Street Light,Foggy,No Injury,Four-Arm Junction,data.gov.in - Ministry of Road Transport & Highways
671,2023,Mizoram,Mizoram,National Highway,Others,690,780,45,Tyre Burst,06:00-09:00,Potholed,Daylight,Cloudy,Fatal,Four-Arm Junction,data.gov.in - Ministry of Road Transport & Highways
672,2020,Meghalaya,Meghalaya,State Highway,Bicycle,1006,1599,102,Over Speeding,09:00-12:00,Flooded,Dark - No Street Light,Clear,Fatal,T-Junction,data.gov.in - Ministry of Road Transport & Highways
673,2022,Sikkim,Sikkim,State Highway,Car/Jeep/Taxi,9772,16353,2567,Over Speeding,21:00-24:00,Dry,Dusk/Dawn,Rainy,Grievous Injury,Y-Junction,data.gov.in - Ministry of Road Transport & Highways
674,2023,Puducherry,Puducherry,National Highway,Bus,7953,7219,1087,Wrong Side Driving,12:00-15:00,Potholed,Dusk/Dawn,Cloudy,Grievous Injury,Four-Arm Junction,data.gov.in - Ministry of Road Transport & Highways
675,2020,Arunachal Pradesh,Arunachal Pradesh,State Highway,Pedestrian,10509,18772,3574,Use of Mobile Phone,06:00-09:00,Dry,Dusk/Dawn,Rainy,Fatal,T-Junction,data.gov.in - Ministry of Road Transport & Highways
676,2021,Mizoram,Mizoram,National Highway,Car/Jeep/Taxi,11151,27266,2677,Use of Mobile Phone,15:00-18:00,Flooded,Dusk/Dawn,Foggy,Fatal,No Junction,data.gov.in - Ministry of Road Transport & Highways
677,2023,Bihar,Patna,State Highway,Two-Wheeler,11143,10085,619,Bad Road Condition,18:00-21:00,Potholed,Daylight,Cloudy,No Injury,Y-Junction,data.gov.in - Ministry of Road Transport & Highways
678,2023,Madhya Pradesh,Bhopal,Expressway,Auto-Rickshaw,2699,2639,840,Vehicle Defect,15:00-18:00,Under Repair,Dark - No Street Light,Rainy,Grievous Injury,T-Junction,data.gov.in - Ministry of Road Transport & Highways
679,2021,Mizoram,Mizoram,National Highway,Truck/Lorry,5505,9825,827,Wrong Side Driving,12:00-15:00,Wet,Dark - No Street Light,Rainy,No Injury,Roundabout,data.gov.in - Ministry of Road Transport & Highways
680,2022,Uttarakhand,Uttarakhand,Expressway,Others,2812,7021,630,Jumping Red Light,09:00-12:00,Wet,Daylight,Clear,Minor Injury,Y-Junction,data.gov.in - Ministry of Road Transport & Highways
681,2023,Arunachal Pradesh,Arunachal Pradesh,City Roads,Auto-Rickshaw,1488,3020,205,Over Speeding,15:00-18:00,Flooded,Dark - No Street Light,Rainy,Grievous Injury,Four-Arm Junction,data.gov.in - Ministry of Road Transport & Highways
682,2023,Telangana,Karimnagar,State Highway,Auto-Rickshaw,8542,8509,851,Fatigue/Sleep,18:00-21:00,Dry,Dark - No Street Light,Cloudy,Fatal,Four-Arm Junction,data.gov.in - Ministry of Road Transport & Highways
683,2023,Gujarat,Vadodara,State Highway,Truck/Lorry,6308,8070,865,Drunk Driving,15:00-18:00,Dry,Dark - Street Light On,Foggy,Fatal,T-Junction,data.gov.in - Ministry of Road Transport & Highways
684,2023,Madhya Pradesh,Jabalpur,Other Roads,Pedestrian,4870,10124,1699,Wrong Side Driving,18:00-21:00,Under Repair,Dusk/Dawn,Clear,Minor Injury,Four-Arm Junction,data.gov.in - Ministry of Road Transport & Highways
685,2019,Kerala,Kozhikode,State Highway,Bicycle,6250,7083,1812,Jumping Red Light,12:00-15:00,Dry,Dusk/Dawn,Cloudy,No Injury,Y-Junction,data.gov.in - Ministry of Road Transport & Highways
686,2019,Uttar Pradesh,Meerut,Other Roads,Auto-Rickshaw,10995,12835,3249,Use of Mobile Phone,12:00-15:00,Dry,Dark - Street Light On,Rainy,Minor Injury,Four-Arm Junction,data.gov.in - Ministry of Road Transport & Highways
687,2021,Manipur,Manipur,Expressway,Truck/Lorry,125,163,21,Fatigue/Sleep,21:00-24:00,Wet,Daylight,Clear,No Injury,Four-Arm Junction,data.gov.in - Ministry of Road Transport & Highways
688,2022,Karnataka,Mangaluru,Expressway,Bicycle,6730,11613,2282,Wrong Side Driving,06:00-09:00,Dry,Dark - No Street Light,Misty,Grievous Injury,No Junction,data.gov.in - Ministry of Road Transport & Highways
689,2020,Dadra & Nagar Haveli,Dadra & Nagar Haveli,State Highway,Bicycle,11197,25836,2247,Tyre Burst,21:00-24:00,Under Repair,Dark - No Street Light,Cloudy,Fatal,Four-Arm Junction,data.gov.in - Ministry of Road Transport & Highways
690,2023,Tamil Nadu,Salem,State Highway,Bus,3764,9087,430,Jumping Red Light,18:00-21:00,Under Repair,Daylight,Rainy,No Injury,Roundabout,data.gov.in - Ministry of Road Transport & Highways
691,2023,Dadra & Nagar Haveli,Dadra & Nagar Haveli,Other Roads,Bus,5899,6988,296,Bad Road Condition,12:00-15:00,Potholed,Daylight,Foggy,Minor Injury,T-Junction,data.gov.in - Ministry of Road Transport & Highways
692,2022,Manipur,Manipur,Expressway,Car/Jeep/Taxi,275,673,66,Wrong Side Driving,21:00-24:00,Flooded,Dark - No Street Light,Foggy,Fatal,T-Junction,data.gov.in - Ministry of Road Transport & Highways
693,2021,Mizoram,Mizoram,Expressway,Others,7249,7857,1756,Tyre Burst,06:00-09:00,Wet,Dusk/Dawn,Misty,Fatal,T-Junction,data.gov.in - Ministry of Road Transport & Highways
694,2019,Puducherry,Puducherry,Expressway,Two-Wheeler,2740,4616,327,Drunk Driving,15:00-18:00,Dry,Dusk/Dawn,Foggy,No Injury,Roundabout,data.gov.in - Ministry of Road Transport & Highways