SNo,Year,State_UT,City,Road_Classification,Mode_of_Transport,Total_Accidents,Persons_Injured,Persons_Killed,Accident_Cause,Time_of_Accident,Road_Condition,Light_Condition,Weather_Condition,Injury_Severity,Junction_Type,Source
809,2022,Lakshadweep,Lakshadweep,City Roads,Others,4805,6221,584,Tyre Burst,06:00-09:00,Dry,Dark - Street Light On,Clear,Grievous Injury,No Junction,data.gov.in - Ministry of Road Transport & Highways
810,2019,Uttarakhand,Uttarakhand,State Highway,Pedestrian,10793,19958,1939,Wrong Side Driving,00:00-06:00,Wet,Dusk/Dawn,Rainy,Grievous Injury,No Junction,data.gov.in - Ministry of Road Transport & Highways
811,2021,Jammu & Kashmir,Jammu,Other Roads,Two-Wheeler,9492,10859,3135,Wrong Side Driving,12:00-15:00,Dry,Dark - Street Light On,Clear,No Injury,T-Junction,data.gov.in - Ministry of Road Transport & Highways
812,2022,Dadra & Nagar Haveli,Dadra & Nagar Haveli,Expressway,Bicycle,6684,5649,712,Improper Lane Changing,12:00-15:00,Under Repair,Dark - No Street Light,Foggy,Fatal,No Junction,data.gov.in - Ministry of Road Transport & Highways
813,2023,Karnataka,Mangaluru,City Roads,Two-Wheeler,5860,12305,952,Wrong Side Driving,15:00-18:00,Dry,Dark - Street Light On,Clear,Grievous Injury,Four-Arm Junction,data.gov.in - Ministry of Road Transport & Highways
814,2023,Uttar Pradesh,Lucknow,City Roads,Car/Jeep/Taxi,10322,12997,1822,Use of Mobile Phone,18:00-21:00,Flooded,Dark - No Street Light,Misty,Grievous Injury,No Junction,data.gov.in - Ministry of Road Transport & Highways
815,2019,Jharkhand,Jharkhand,State Highway,Others,9029,17097,1543,Use of Mobile Phone,00:00-06:00,Flooded,Dark - No Street Light,Misty,No Injury,T-Junction,data.gov.in - Ministry of Road Transport & Highways
816,2023,Haryana,Rohtak,National Highway,Others,2262,4900,571,Drunk Driving,15:00-18:00,Potholed,Dark - No Street Light,Clear,No Injury,T-Junction,data.gov.in - Ministry of Road Transport & Highways
817,2022,Kerala,Kozhikode,Expressway,Auto-Rickshaw,112,236,10,Wrong Side Driving,21:00-24:00,Under Repair,Dark - No Street Light,Misty,Minor Injury,Y-Junction,data.gov.in - Ministry of Road Transport & Highways
818,2023,Jharkhand,Jharkhand,National Highway,Bicycle,676,1062,37,Use of Mobile Phone,15:00-18:00,Potholed,Dusk/Dawn,Foggy,Grievous Injury,T-Junction,data.gov.in - Ministry of Road Transport & Highways
819,2022,Arunachal Pradesh,Arunachal Pradesh,Expressway,Car/Jeep/Taxi,1589,2345,146,Jumping Red Light,21:00-24:00,Under Repair,Dark - No Street Light,Foggy,Minor Injury,Roundabout,data.gov.in - Ministry of Road Transport & Highways
820,2021,Delhi,Central Delhi,National Highway,Auto-Rickshaw,5836,12948,1329,Bad Road Condition,09:00-12:00,Under Repair,Dark - Street Light On,Rainy,Fatal,T-Junction,data.gov.in - Ministry of Road Transport & Highways
821,2020,Chhattisgarh,Bilaspur,Expressway,Others,7737,11503,2025,Wrong Side Driving,12:00-15:00,Wet,Dusk/Dawn,Foggy,No Injury,Roundabout,data.gov.in - Ministry of Road Transport & Highways
822,2021,Meghalaya,Meghalaya,Other Roads,Two-Wheeler,1140,1582,376,Drunk Driving,06:00-09:00,Under Repair,Dusk/Dawn,Rainy,Fatal,Roundabout,data.gov.in - Ministry of Road Transport & Highways
823,2022,Jharkhand,Jharkhand,Other Roads,Others,2950,2524,879,Improper Lane Changing,06:00-09:00,Dry,Daylight,Cloudy,No Injury,Y-Junction,data.gov.in - Ministry of Road Transport & Highways
824,2019,Nagaland,Nagaland,State Highway,Two-Wheeler,4882,5651,1547,Tyre Burst,18:00-21:00,Under Repair,Dark - No Street Light,Clear,Minor Injury,T-Junction,data.gov.in - Ministry of Road Transport & Highways
825,2023,Madhya Pradesh,Bhopal,State Highway,Auto-Rickshaw,1005,2019,337,Jumping Red Light,21:00-24:00,Wet,Dark - Street Light On,Foggy,Fatal,Four-Arm Junction,data.gov.in - Ministry of Road Transport & Highways
826,2021,Arunachal Pradesh,Arunachal Pradesh,State Highway,Bicycle,1403,1503,457,Over Speeding,21:00-24:00,Dry,Dusk/Dawn,Rainy,Grievous Injury,Roundabout,data.gov.in - Ministry of Road Transport & Highways
827,2021,Haryana,Faridabad,Other Roads,Others,8983,17148,2603,Jumping Red Light,12:00-15:00,Flooded,Dusk/Dawn,Rainy,Grievous Injury,No Junction,data.gov.in - Ministry of Road Transport & Highways
828,2019,Chhattisgarh,Durg,State Highway,Bicycle,3226,6063,694,Jumping Red Light,18:00-21:00,Under Repair,Daylight,Misty,Grievous Injury,No Junction,data.gov.in - Ministry of Road Transport & Highways
829,2021,Bihar,Muzaffarpur,Expressway,Others,9476,15520,877,Bad Road Condition,15:00-18:00,Wet,Dark - Street Light On,Misty,Minor Injury,Four-Arm Junction,data.gov.in - Ministry of Road Transport & Highways
830,2020,Daman & Diu,Daman & Diu,Other Roads,Pedestrian,7228,12287,1286,Over Speeding,21:00-24:00,Dry,Dusk/Dawn,Foggy,Grievous Injury,T-Junction,data.gov.in - Ministry of Road Transport & Highways
831,2023,Punjab,Ludhiana,Other Roads,Others,1071,1919,143,Use of Mobile Phone,09:00-12:00,Under Repair,Daylight,Cloudy,Fatal,Four-Arm Junction,data.gov.in - Ministry of Road Transport & Highways
832,2022,Andaman & Nicobar Islands,Andaman & Nicobar Islands,City Roads,Bicycle,11679,10129,3097,Improper Lane Changing,00:00-06:00,Flooded,Dark - No Street Light,Cloudy,No Injury,T-Junction,data.gov.in - Ministry of Road Transport & Highways
833,2019,Haryana,Gurgaon,City Roads,Two-Wheeler,4070,7800,528,Over Speeding,21:00-24:00,Wet,Dark - No Street Light,Foggy,Grievous Injury,Y-Junction,data.gov.in - Ministry of Road Transport & Highways
834,2020,Tripura,Tripura,City Roads,Car/Jeep/Taxi,7789,17598,2338,Poor Weather Visibility,06:00-09:00,Wet,Dark - Street Light On,Clear,Grievous Injury,T-Junction,data.gov.in - Ministry of Road Transport & Highways
835,2019,Assam,Silchar,State Highway,Car/Jeep/Taxi,5449,12415,1701,Tyre Burst,00:00-06:00,Potholed,Dark - No Street Light,Clear,Grievous Injury,Roundabout,data.gov.in - Ministry of Road Transport & Highways
836,2023,Odisha,Bhubaneswar,State Highway,Two-Wheeler,5815,9374,1723,Tyre Burst,00:00-06:00,Under Repair,Daylight,Misty,Grievous Injury,Y-Junction,data.gov.in - Ministry of Road Transport & Highways
837,2020,Goa,Goa,Expressway,Auto-Rickshaw,9721,8280,2585,Bad Road Condition,18:00-21:00,Dry,Dark - No Street Light,Clear,Grievous Injury,No Junction,data.gov.in - Ministry of Road Transport & Highways
838,2020,Rajasthan,Kota,State Highway,Auto-Rickshaw,509,794,70,Wrong Side Driving,06:00-09:00,Flooded,Dark - No Street Light,Clear,Grievous Injury,Y-Junction,data.gov.in - Ministry of Road Transport & Highways
839,2022,Mizoram,Mizoram,City Roads,Pedestrian,4294,4119,565,Jumping Red Light,00:00-06:00,Flooded,Dark - No Street Light,Foggy,Fatal,Y-Junction,data.gov.in - Ministry of Road Transport & Highways
840,2022,Gujarat,Surat,City Roads,Truck/Lorry,5032,4245,1347,Over Speeding,21:00-24:00,Potholed,Dusk/Dawn,Foggy,No Injury,No Junction,data.gov.in - Ministry of Road Transport & Highways
841,2019,Arunachal Pradesh,Arunachal Pradesh,Expressway,Pedestrian,9463,17696,625,Jumping Red Light,21:00-24:00,Potholed,Dark - Street Light On,Clear,Grievous Injury,T-Junction,data.gov.in - Ministry of Road Transport & Highways
842,2021,Andhra Pradesh,Visakhapatnam,State Highway,Others,7306,14590,1575,Jumping Red Light,12:00-15:00,Dry,Dusk/Dawn,Clear,No Injury,Four-Arm Junction,data.gov.in - Ministry of Road Transport & Highways
843,2019,Bihar,Patna,Expressway,Pedestrian,11719,22323,3368,Jumping Red Light,00:00-06:00,Under Repair,Dark - No Street Light,Rainy,No Injury,Roundabout,data.gov.in - Ministry of Road Transport & Highways
844,2022,Karnataka,Mysuru,National Highway,Car/Jeep/Taxi,9599,16811,1156,Wrong Side Driving,09:00-12:00,Dry,Dusk/Dawn,Rainy,No Injury,No Junction,data.gov.in - Ministry of Road Transport & Highways
845,2020,Himachal Pradesh,Himachal Pradesh,National Highway,Two-Wheeler,9184,16887,2904,Improper Lane Changing,00:00-06:00,Dry,Daylight,Cloudy,Grievous Injury,Y-Junction,data.gov.in - Ministry of Road Transport & Highways
846,2021,Lakshadweep,Lakshadweep,State Highway,Bus,6180,12845,472,Improper Lane Changing,21:00-24:00,Wet,Dark - No Street Light,Clear,No Injury,Four-Arm Junction,data.gov.in - Ministry of Road Transport & Highways
847,2020,Gujarat,Rajkot,Expressway,Bicycle,1867,1716,137,Wrong Side Driving,18:00-21:00,Dry,Dusk/Dawn,Misty,No Injury,Y-Junction,data.gov.in - Ministry of Road Transport & Highways
848,2022,Arunachal Pradesh,Arunachal Pradesh,Expressway,Others,7924,13468,1679,Poor Weather Visibility,09:00-12:00,Wet,Dusk/Dawn,Clear,Fatal,Four-Arm Junction,data.gov.in - Ministry of Road Transport & Highways
849,2021,Manipur,Manipur,National Highway,Bus,3712,7079,486,Wrong Side Driving,09:00-12:00,Dry,Dark - Street Light On,Cloudy,Grievous Injury,T-Junction,data.gov.in - Ministry of Road Transport & Highways
850,2022,Mizoram,Mizoram,State Highway,Truck/Lorry,830,674,261,Vehicle Defect,18:00-21:00,Wet,Daylight,Misty,No Injury,T-Junction,data.gov.in - Ministry of Road Transport & Highways
851,2023,Karnataka,Hubli,State Highway,Bicycle,2147,2854,318,Jumping Red Light,00:00-06:00,Wet,Daylight,Misty,Grievous Injury,Y-Junction,data.gov.in - Ministry of Road Transport & Highways
852,2023,Assam,Dibrugarh,Other Roads,Car/Jeep/Taxi,7795,10107,1259,Poor Weather Visibility,09:00-12:00,Potholed,Dark - Street Light On,Rainy,No Injury,No Junction,data.gov.in - Ministry of Road Transport & Highways
853,2021,Jharkhand,Jharkhand,Other Roads,Car/Jeep/Taxi,7257,13132,1780,Vehicle Defect,00:00-06:00,Potholed,Dark - No Street Light,Cloudy,Minor Injury,Four-Arm Junction,data.gov.in - Ministry of Road Transport & Highways
854,2022,Dadra & Nagar Haveli,Dadra & Nagar Haveli,City Roads,Truck/Lorry,5215,4673,1066,Fatigue/Sleep,06:00-09:00,Wet,Dusk/Dawn,Rainy,No Injury,Four-Arm Junction,data.gov.in - Ministry of Road Transport & Highways
855,2020,Jammu & Kashmir,Jammu,City Roads,Others,10883,18540,2177,Drunk Driving,15:00-18:00,Flooded,Daylight,Clear,Minor Injury,T-Junction,data.gov.in - Ministry of Road Transport & Highways
856,2019,Punjab,Jalandhar,State Highway,Bus,7087,8209,1427,Bad Road Condition,18:00-21:00,Under Repair,Dark - Street Light On,Cloudy,Minor Injury,Y-Junction,data.gov.in - Ministry of Road Transport & Highways
857,2022,Gujarat,Surat,Expressway,Bicycle,19,16,2,Bad Road Condition,12:00-15:00,Flooded,Daylight,Rainy,No Injury,Roundabout,data.gov.in - Ministry of Road Transport & Highways
858,2020,Arunachal Pradesh,Arunachal Pradesh,National Highway,Bus,1228,3018,195,Tyre Burst,09:00-12:00,Under Repair,Dark - No Street Light,Clear,Fatal,Four-Arm Junction,data.gov.in - Ministry of Road Transport & Highways
859,2021,Uttar Pradesh,Meerut,State Highway,Bicycle,5838,9125,718,Bad Road Condition,09:00-12:00,Dry,Daylight,Foggy,No Injury,Roundabout,data.gov.in - Ministry of Road Transport & Highways
860,2022,Telangana,Warangal,State Highway,Two-Wheeler,4819,7995,466,Wrong Side Driving,15:00-18:00,Potholed,Daylight,Cloudy,No Injury,Four-Arm Junction,data.gov.in - Ministry of Road Transport & Highways
861,2021,Madhya Pradesh,Jabalpur,Expressway,Bus,3055,2730,973,Bad Road Condition,18:00-21:00,Under Repair,Dark - Street Light On,Rainy,Minor Injury,Four-Arm Junction,data.gov.in - Ministry of Road Transport & Highways
862,2022,Jammu & Kashmir,Srinagar,City Roads,Pedestrian,6923,15492,571,Vehicle Defect,06:00-09:00,Wet,Dusk/Dawn,Clear,Minor Injury,Roundabout,data.gov.in - Ministry of Road Transport & Highways
863,2022,Lakshadweep,Lakshadweep,City Roads,Car/Jeep/Taxi,10480,9187,981,Tyre Burst,18:00-21:00,Under Repair,Daylight,Misty,No Injury,Four-Arm Junction,data.gov.in - Ministry of Road Transport & Highways
864,2022,Haryana,Faridabad,City Roads,Car/Jeep/Taxi,3053,2973,960,Drunk Driving,09:00-12:00,Under Repair,Dark - Street Light On,Misty,Grievous Injury,No Junction,data.gov.in - Ministry of Road Transport & Highways
865,2019,Rajasthan,Jodhpur,Expressway,Auto-Rickshaw,2044,3493,341,Drunk Driving,18:00-21:00,Dry,Dark - Street Light On,Rainy,No Injury,Four-Arm Junction,data.gov.in - Ministry of Road Transport & Highways
866,2022,Gujarat,Surat,State Highway,Bus,11823,16113,1095,Drunk Driving,18:00-21:00,Potholed,Dark - Street Light On,Cloudy,No Injury,Four-Arm Junction,data.gov.in - Ministry of Road Transport & Highways
867,2020,Daman & Diu,Daman & Diu,State Highway,Two-Wheeler,1223,1406,302,Over Speeding,12:00-15:00,Wet,Dusk/Dawn,Misty,Fatal,T-Junction,data.gov.in - Ministry of Road Transport & Highways
868,2023,Andaman & Nicobar Islands,Andaman & Nicobar Islands,State Highway,Others,10827,16948,1268,Improper Lane Changing,21:00-24:00,Dry,Dark - Street Light On,Misty,No Injury,Y-Junction,data.gov.in - Ministry of Road Transport & Highways
869,2019,Jharkhand,Jharkhand,Other Roads,Bus,45,62,13,Improper Lane Changing,15:00-18:00,Potholed,Dark - Street Light On,Clear,Fatal,Y-Junction,data.gov.in - Ministry of Road Transport & Highways
870,2019,Mizoram,Mizoram,City Roads,Bicycle,5978,9482,729,Wrong Side Driving,21:00-24:00,Under Repair,Dark - No Street Light,Cloudy,Minor Injury,T-Junction,data.gov.in - Ministry of Road Transport & Highways
871,2020,Daman & Diu,Daman & Diu,Expressway,Pedestrian,6707,10433,1596,Wrong Side Driving,06:00-09:00,Potholed,Dark - Street Light On,Clear,Grievous Injury,T-Junction,data.gov.in - Ministry of Road Transport & Highways
872,2019,Nagaland,Nagaland,State Highway,Bicycle,4626,5263,806,Jumping Red Light,12:00-15:00,Flooded,Dusk/Dawn,Clear,Fatal,No Junction,data.gov.in - Ministry of Road Transport & Highways
873,2021,Karnataka,Bengaluru,Expressway,Others,1018,2020,323,Poor Weather Visibility,18:00-21:00,Potholed,Daylight,Rainy,No Injury,Roundabout,data.gov.in - Ministry of Road Transport & Highways
874,2021,Rajasthan,Jodhpur,City Roads,Two-Wheeler,10946,18053,2422,Wrong Side Driving,00:00-06:00,Flooded,Dusk/Dawn,Foggy,Grievous Injury,T-Junction,data.gov.in - Ministry of Road Transport & Highways
875,2023,Andhra Pradesh,Guntur,Expressway,Bus,7185,13623,1214,Bad Road Condition,21:00-24:00,Flooded,Dusk/Dawn,Rainy,Minor Injury,T-Junction,data.gov.in - Ministry of Road Transport & Highways
876,2022,Rajasthan,Udaipur,National Highway,Others,6801,12503,422,Use of Mobile Phone,18:00-21:00,Flooded,Dusk/Dawn,Clear,Fatal,Four-Arm Junction,data.gov.in - Ministry of Road Transport & Highways
877,2022,Lakshadweep,Lakshadweep,State Highway,Truck/Lorry,3476,3060,533,Drunk Driving,12:00-15:00,Flooded,Dusk/Dawn,Foggy,Fatal,Four-Arm Junction,data.gov.in - Ministry of Road Transport & Highways
878,2021,Daman & Diu,Daman & Diu,Expressway,Bus,10420,20447,1216,Over Speeding,15:00-18:00,Flooded,Daylight,Rainy,No Injury,No Junction,data.gov.in - Ministry of Road Transport & Highways
879,2022,Tamil Nadu,Madurai,Expressway,Pedestrian,5382,11921,1552,Tyre Burst,00:00-06:00,Under Repair,Daylight,Misty,No Injury,Four-Arm Junction,data.gov.in - Ministry of Road Transport & Highways
880,2023,Punjab,Jalandhar,National Highway,Car/Jeep/Taxi,7141,13053,916,Poor Weather Visibility,15:00-18:00,Dry,Dusk/Dawn,Cloudy,No Injury,Four-Arm Junction,data.gov.in - Ministry of Road Transport & Highways
881,2022,Meghalaya,Meghalaya,Expressway,Bicycle,533,537,186,Drunk Driving,00:00-06:00,Flooded,Dark - Street Light On,Clear,No Injury,Y-Junction,data.gov.in - Ministry of Road Transport & Highways
882,2023,Uttarakhand,Uttarakhand,Other Roads,Car/Jeep/Taxi,2631,3818,366,Wrong Side Driving,12:00-15:00,Under Repair,Dusk/Dawn,Clear,Fatal,Y-Junction,data.gov.in - Ministry of Road Transport & Highways
883,2021,Jharkhand,Jharkhand,State Highway,Bicycle,8664,11307,2909,Tyre Burst,15:00-18:00,Dry,Dark - No Street Light,Cloudy,No Injury,Roundabout,data.gov.in - Ministry of Road Transport & Highways
884,2019,Lakshadweep,Lakshadweep,Expressway,Bicycle,9925,17435,1800,Bad Road Condition,21:00-24:00,Flooded,Daylight,Misty,Minor Injury,No Junction,data.gov.in - Ministry of Road Transport & Highways
885,2020,Karnataka,Hubli,National Highway,Car/Jeep/Taxi,4042,5597,1074,Fatigue/Sleep,09:00-12:00,Wet,Dusk/Dawn,Rainy,Grievous Injury,Y-Junction,data.gov.in - Ministry of Road Transport & Highways
886,2021,Andaman & Nicobar Islands,Andaman & Nicobar Islands,National Highway,Bicycle,7323,6700,600,Use of Mobile Phone,00:00-06:00,Flooded,Dark - Street Light On,Foggy,Grievous Injury,No Junction,data.gov.in - Ministry of Road Transport & Highways
887,2020,Rajasthan,Udaipur,State Highway,Others,2946,3637,213,Use of Mobile Phone,15:00-18:00,Under Repair,Dark - Street Light On,Cloudy,Minor Injury,T-Junction,data.gov.in - Ministry of Road Transport & Highways
888,2019,Goa,Goa,National Highway,Auto-Rickshaw,10951,10961,1555,Poor Weather Visibility,18:00-21:00,Potholed,Dark - Street Light On,Clear,Minor Injury,Four-Arm Junction,data.gov.in - Ministry of Road Transport & Highways
889,2021,Kerala,Kozhikode,State Highway,Bus,2370,4569,523,Over Speeding,12:00-15:00,Dry,Dark - No Street Light,Rainy,Minor Injury,Y-Junction,data.gov.in - Ministry of Road Transport & Highways
890,2020,Andhra Pradesh,Vijayawada,State Highway,Car/Jeep/Taxi,6796,10903,402,Bad Road Condition,00:00-06:00,Under Repair,Dusk/Dawn,Cloudy,No Injury,Roundabout,data.gov.in - Ministry of Road Transport & Highways
891,2019,Manipur,Manipur,Expressway,Truck/Lorry,7228,6635,2485,Use of Mobile Phone,15:00-18:00,Flooded,Dusk/Dawn,Cloudy,Fatal,Y-Junction,data.gov.in - Ministry of Road Transport & Highways
892,2020,Karnataka,Mysuru,State Highway,Bus,4018,3669,981,Vehicle Defect,00:00-06:00,Under Repair,Dark - No Street Light,Cloudy,Minor Injury,T-Junction,data.gov.in - Ministry of Road Transport & Highways
893,2022,Tripura,Tripura,Other Roads,Bicycle,881,935,124,Bad Road Condition,00:00-06:00,Flooded,Dusk/Dawn,Rainy,No Injury,T-Junction,data.gov.in - Ministry of Road Transport & Highways
894,2022,Delhi,New Delhi,City Roads,Car/Jeep/Taxi,8352,17927,2861,Fatigue/Sleep,15:00-18:00,Flooded,Daylight,Foggy,Grievous Injury,T-Junction,data.gov.in - Ministry of Road Transport & Highways
895,2021,West Bengal,Kolkata,City Roads,Bicycle,11010,23476,2164,Tyre Burst,15:00-18:00,Under Repair,Dark - No Street Light,Rainy,Grievous Injury,No Junction,data.gov.in - Ministry of Road Transport & Highways
896,2022,Puducherry,Puducherry,State Highway,Car/Jeep/Taxi,8328,8070,1301,Improper Lane Changing,18:00-21:00,Potholed,Daylight,Foggy,Fatal,Four-Arm Junction,data.gov.in - Ministry of Road Transport & Highways
897,2022,Jammu & Kashmir,Srinagar,National Highway,Bus,1060,1727,286,Tyre Burst,21:00-24:00,Wet,Dark - No Street Light,Clear,Fatal,Y-Junction,data.gov.in - Ministry of Road Transport & Highways
898,2022,Delhi,West Delhi,Expressway,Bicycle,6130,8315,1539,Jumping Red Light,06:00-09:00,Under Repair,Dusk/Dawn,Cloudy,No Injury,Roundabout,data.gov.in - Ministry of Road Transport & Highways
899,2022,Karnataka,Mangaluru,National Highway,Pedestrian,4739,7413,487,Fatigue/Sleep,06:00-09:00,Potholed,Dusk/Dawn,Rainy,No Injury,No Junction,data.gov.in - Ministry of Road Transport & Highways
900,2022,Dadra & Nagar Haveli,Dadra & Nagar Haveli,Expressway,Others,2603,4800,571,Tyre Burst,12:00-15:00,Wet,Dark - No Street Light,Clear,Minor Injury,Y-Junction,data.gov.in - Ministry of Road Transport & Highways
901,2022,Karnataka,Mysuru,National Highway,Auto-Rickshaw,2354,3822,375,Fatigue/Sleep,06:00-09:00,Flooded,Daylight,Foggy,No Injury,T-Junction,data.gov.in - Ministry of Road Transport & Highways
902,2021,Andhra Pradesh,Visakhapatnam,State Highway,Auto-Rickshaw,5324,8813,1141,Tyre Burst,18:00-21:00,Flooded,Dark - Street Light On,Rainy,Minor Injury,Four-Arm Junction,data.gov.in - Ministry of Road Transport & Highways
903,2019,Lakshadweep,Lakshadweep,National Highway,Truck/Lorry,10156,8988,541,Improper Lane Changing,00:00-06:00,Under Repair,Dark - No Street Light,Cloudy,Grievous Injury,T-Junction,data.gov.in - Ministry of Road Transport & Highways
904,2021,Meghalaya,Meghalaya,Other Roads,Bicycle,761,613,101,Improper Lane Changing,06:00-09:00,Flooded,Dark - Street Light On,Rainy,No Injury,Four-Arm Junction,data.gov.in - Ministry of Road Transport & Highways
905,2023,Sikkim,Sikkim,National Highway,Truck/Lorry,2353,4314,450,Poor Weather Visibility,12:00-15:00,Potholed,Dusk/Dawn,Clear,No Injury,Y-Junction,data.gov.in - Ministry of Road Transport & Highways
906,2022,Assam,Guwahati,State Highway,Car/Jeep/Taxi,8347,7913,2219,Poor Weather Visibility,12:00-15:00,Dry,Dusk/Dawn,Clear,Fatal,Four-Arm Junction,data.gov.in - Ministry of Road Transport & Highways
907,2020,Haryana,Rohtak,Other Roads,Bicycle,193,334,57,Use of Mobile Phone,09:00-12:00,Flooded,Daylight,Foggy,Fatal,Y-Junction,data.gov.in - Ministry of Road Transport & Highways
908,2023,Rajasthan,Jaipur,City Roads,Two-Wheeler,7292,17422,962,Fatigue/Sleep,00:00-06:00,Wet,Dark - Street Light On,Foggy,Grievous Injury,No Junction,data.gov.in - Ministry of Road Transport & Highways
909,2023,Puducherry,Puducherry,State Highway,Car/Jeep/Taxi,7132,12418,1095,Jumping Red Light,15:00-18:00,Flooded,Dark - Street Light On,Misty,Fatal,Y-Junction,data.gov.in - Ministry of Road Transport & Highways
910,2021,Karnataka,Mangaluru,City Roads,Pedestrian,5509,12889,288,Use of Mobile Phone,15:00-18:00,Under Repair,Dark - No Street Light,Foggy,Fatal,Four-Arm Junction,data.gov.in - Ministry of Road Transport & Highways
911,2019,Puducherry,Puducherry,Expressway,Auto-Rickshaw,2177,2636,506,Bad Road Condition,15:00-18:00,Under Repair,Dark - No Street Light,Rainy,No Injury,Y-Junction,data.gov.in - Ministry of Road Transport & Highways
912,2021,Tamil Nadu,Chennai,Expressway,Pedestrian,5601,13594,1150,Wrong Side Driving,12:00-15:00,Potholed,Daylight,Rainy,Fatal,Y-Junction,data.gov.in - Ministry of Road Transport & Highways
913,2022,Haryana,Rohtak,National Highway,Auto-Rickshaw,2163,4756,510,Wrong Side Driving,12:00-15:00,Wet,Dark - Street Light On,Foggy,Minor Injury,Y-Junction,data.gov.in - Ministry of Road Transport & Highways
914,2021,Dadra & Nagar Haveli,Dadra & Nagar Haveli,City Roads,Two-Wheeler,8452,10888,2857,Use of Mobile Phone,21:00-24:00,Potholed,Dusk/Dawn,Clear,Fatal,Four-Arm Junction,data.gov.in - Ministry of Road Transport & Highways
915,2021,Mizoram,Mizoram,National Highway,Pedestrian,2775,4588,595,Vehicle Defect,18:00-21:00,Potholed,Dark - No Street Light,Misty,Grievous Injury,Four-Arm Junction,data.gov.in - Ministry of Road Transport & Highways
916,2019,Maharashtra,Aurangabad,Expressway,Bicycle,10216,17891,824,Vehicle Defect,09:00-12:00,Potholed,Dark - Street Light On,Foggy,Grievous Injury,Four-Arm Junction,data.gov.in - Ministry of Road Transport & Highways
917,2020,Rajasthan,Jodhpur,City Roads,Bicycle,9810,21016,1248,Vehicle Defect,12:00-15:00,Dry,Dark - Street Light On,Foggy,Fatal,Four-Arm Junction,data.gov.in - Ministry of Road Transport & Highways
918,2023,Tamil Nadu,Coimbatore,City Roads,Auto-Rickshaw,11833,13590,3910,Wrong Side Driving,18:00-21:00,Wet,Dark - Street Light On,Clear,Fatal,Four-Arm Junction,data.gov.in - Ministry of Road Transport & Highways
919,2021,Haryana,Panipat,National Highway,Truck/Lorry,10423,22851,568,Poor Weather Visibility,00:00-06:00,Under Repair,Dark - Street Light On,Foggy,Grievous Injury,No Junction,data.gov.in - Ministry of Road Transport & Highways
920,2021,Tamil Nadu,Chennai,City Roads,Car/Jeep/Taxi,854,1346,249,Fatigue/Sleep,15:00-18:00,Potholed,Dark - Street Light On,Misty,Minor Injury,No Junction,data.gov.in - Ministry of Road Transport & Highways
921,2023,Nagaland,Nagaland,City Roads,Car/Jeep/Taxi,9614,10443,839,Jumping Red Light,21:00-24:00,Wet,Daylight,Clear,No Injury,Four-Arm Junction,data.gov.in - Ministry of Road Transport & Highways
922,2022,Uttarakhand,Uttarakhand,National Highway,Pedestrian,653,1574,106,Use of Mobile Phone,15:00-18:00,Wet,Dark - Street Light On,Cloudy,Minor Injury,T-Junction,data.gov.in - Ministry of Road Transport & Highways
923,2021,Daman & Diu,Daman & Diu,State Highway,Two-Wheeler,7059,10319,961,Use of Mobile Phone,12:00-15:00,Under Repair,Dusk/Dawn,Cloudy,Minor Injury,Y-Junction,data.gov.in - Ministry of Road Transport & Highways