SNo,Year,State_UT,City,Road_Classification,Mode_of_Transport,Total_Accidents,Persons_Injured,Persons_Killed,Accident_Cause,Time_of_Accident,Road_Condition,Light_Condition,Weather_Condition,Injury_Severity,Junction_Type,Source
924,2022,Tamil Nadu,Chennai,State Highway,Pedestrian,5675,9494,709,Wrong Side Driving,00:00-06:00,Under Repair,Dark - No Street Light,Clear,Minor Injury,Roundabout,data.gov.in - Ministry of Road Transport & Highways
925,2023,Sikkim,Sikkim,State Highway,Auto-Rickshaw,6983,6569,2442,Use of Mobile Phone,06:00-09:00,Dry,Dark - Street Light On,Clear,No Injury,Y-Junction,data.gov.in - Ministry of Road Transport & Highways
926,2020,Meghalaya,Meghalaya,City Roads,Two-Wheeler,876,2171,97,Over Speeding,18:00-21:00,Wet,Daylight,Misty,No Injury,No Junction,data.gov.in - Ministry of Road Transport & Highways
927,2023,Assam,Guwahati,State Highway,Auto-Rickshaw,7124,14562,2208,Drunk Driving,21:00-24:00,Under Repair,Dark - Street Light On,Cloudy,Fatal,Roundabout,data.gov.in - Ministry of Road Transport & Highways
928,2020,Ladakh,Ladakh,National Highway,Bicycle,3016,3945,884,Use of Mobile Phone,15:00-18:00,Flooded,Dusk/Dawn,Cloudy,Grievous Injury,Four-Arm Junction,data.gov.in - Ministry of Road Transport & Highways
929,2020,Meghalaya,Meghalaya,City Roads,Others,10095,16141,3032,Jumping Red Light,06:00-09:00,Potholed,Dark - No Street Light,Foggy,No Injury,Roundabout,data.gov.in - Ministry of Road Transport & Highways
930,2022,Goa,Goa,National Highway,Bicycle,3062,3300,486,Poor Weather Visibility,09:00-12:00,Potholed,Dark - No Street Light,Foggy,No Injury,No Junction,data.gov.in - Ministry of Road Transport & Highways
931,2020,Mizoram,Mizoram,Expressway,Bicycle,6939,7490,1969,Jumping Red Light,15:00-18:00,Potholed,Dark - Street Light On,Clear,Minor Injury,Four-Arm Junction,data.gov.in - Ministry of Road Transport & Highways
932,2021,Chandigarh,Chandigarh,National Highway,Bicycle,5229,9295,302,Bad Road Condition,21:00-24:00,Flooded,Dusk/Dawn,Misty,No Injury,Roundabout,data.gov.in - Ministry of Road Transport & Highways
933,2021,Rajasthan,Jodhpur,National Highway,Truck/Lorry,10391,19326,2652,Tyre Burst,18:00-21:00,Dry,Dusk/Dawn,Cloudy,No Injury,Y-Junction,data.gov.in - Ministry of Road Transport & Highways
934,2021,Sikkim,Sikkim,Other Roads,Pedestrian,10001,22111,3340,Use of Mobile Phone,21:00-24:00,Potholed,Dusk/Dawn,Clear,Grievous Injury,No Junction,data.gov.in - Ministry of Road Transport & Highways
935,2021,Punjab,Amritsar,City Roads,Others,11140,16842,2121,Poor Weather Visibility,00:00-06:00,Flooded,Dusk/Dawn,Misty,Minor Injury,T-Junction,data.gov.in - Ministry of Road Transport & Highways
936,2019,Rajasthan,Jodhpur,National Highway,Pedestrian,6991,10954,1256,Bad Road Condition,21:00-24:00,Flooded,Dark - Street Light On,Foggy,No Injury,T-Junction,data.gov.in - Ministry of Road Transport & Highways
937,2022,Sikkim,Sikkim,Other Roads,Bus,6099,12510,579,Use of Mobile Phone,15:00-18:00,Potholed,Dark - Street Light On,Clear,Fatal,T-Junction,data.gov.in - Ministry of Road Transport & Highways
938,2022,Bihar,Gaya,Expressway,Two-Wheeler,5973,11428,922,Fatigue/Sleep,09:00-12:00,Wet,Dusk/Dawn,Misty,Fatal,Y-Junction,data.gov.in - Ministry of Road Transport & Highways
939,2022,Punjab,Jalandhar,Expressway,Bicycle,9971,18400,764,Use of Mobile Phone,12:00-15:00,Under Repair,Dark - No Street Light,Foggy,Fatal,Y-Junction,data.gov.in - Ministry of Road Transport & Highways
940,2020,West Bengal,Howrah,City Roads,Car/Jeep/Taxi,10663,11290,997,Fatigue/Sleep,21:00-24:00,Wet,Dark - No Street Light,Foggy,Minor Injury,T-Junction,data.gov.in - Ministry of Road Transport & Highways
941,2020,Bihar,Gaya,Other Roads,Car/Jeep/Taxi,5275,4707,909,Jumping Red Light,21:00-24:00,Potholed,Dusk/Dawn,Misty,No Injury,Roundabout,data.gov.in - Ministry of Road Transport & Highways
942,2021,Lakshadweep,Lakshadweep,State Highway,Auto-Rickshaw,3579,3255,497,Fatigue/Sleep,09:00-12:00,Under Repair,Daylight,Misty,Fatal,T-Junction,data.gov.in - Ministry of Road Transport & Highways
943,2022,Bihar,Muzaffarpur,National Highway,Bus,11799,21177,2958,Over Speeding,21:00-24:00,Potholed,Dark - Street Light On,Clear,No Injury,Roundabout,data.gov.in - Ministry of Road Transport & Highways
944,2020,Maharashtra,Aurangabad,Expressway,Others,5379,4860,487,Use of Mobile Phone,18:00-21:00,Flooded,Dusk/Dawn,Cloudy,Fatal,Four-Arm Junction,data.gov.in - Ministry of Road Transport & Highways
945,2020,Kerala,Kozhikode,Expressway,Bus,3161,7412,859,Over Speeding,18:00-21:00,Potholed,Dusk/Dawn,Rainy,Minor Injury,Four-Arm Junction,data.gov.in - Ministry of Road Transport & Highways
946,2022,Meghalaya,Meghalaya,State Highway,Others,4841,5691,293,Tyre Burst,12:00-15:00,Wet,Dusk/Dawn,Clear,No Injury,Four-Arm Junction,data.gov.in - Ministry of Road Transport & Highways
947,2021,Andaman & Nicobar Islands,Andaman & Nicobar Islands,Other Roads,Bicycle,9322,17037,2709,Poor Weather Visibility,15:00-18:00,Under Repair,Dark - Street Light On,Foggy,No Injury,Four-Arm Junction,data.gov.in - Ministry of Road Transport & Highways
948,2019,Manipur,Manipur,State Highway,Others,10809,16854,3160,Improper Lane Changing,21:00-24:00,Wet,Dark - No Street Light,Rainy,Fatal,Four-Arm Junction,data.gov.in - Ministry of Road Transport & Highways
949,2023,Rajasthan,Jaipur,Expressway,Auto-Rickshaw,158,177,28,Poor Weather Visibility,06:00-09:00,Flooded,Dark - Street Light On,Cloudy,Fatal,No Junction,data.gov.in - Ministry of Road Transport & Highways
950,2020,Kerala,Kozhikode,State Highway,Two-Wheeler,4696,4271,606,Over Speeding,09:00-12:00,Wet,Dark - Street Light On,Clear,Grievous Injury,Y-Junction,data.gov.in - Ministry of Road Transport & Highways
951,2022,Arunachal Pradesh,Arunachal Pradesh,City Roads,Bicycle,11390,10643,1137,Bad Road Condition,15:00-18:00,Dry,Dark - Street Light On,Foggy,Grievous Injury,T-Junction,data.gov.in - Ministry of Road Transport & Highways
952,2020,Jammu & Kashmir,Jammu,City Roads,Truck/Lorry,6536,8289,1303,Jumping Red Light,18:00-21:00,Dry,Daylight,Foggy,No Injury,Roundabout,data.gov.in - Ministry of Road Transport & Highways
953,2023,Sikkim,Sikkim,Other Roads,Pedestrian,4371,8093,1335,Vehicle Defect,12:00-15:00,Flooded,Daylight,Foggy,Grievous Injury,Roundabout,data.gov.in - Ministry of Road Transport & Highways
954,2023,West Bengal,Kolkata,State Highway,Bus,6715,7902,2179,Improper Lane Changing,09:00-12:00,Potholed,Dusk/Dawn,Clear,Minor Injury,T-Junction,data.gov.in - Ministry of Road Transport & Highways
955,2021,Andhra Pradesh,Guntur,Expressway,Auto-Rickshaw,10093,18067,2356,Wrong Side Driving,21:00-24:00,Under Repair,Dark - Street Light On,Foggy,No Injury,Four-Arm Junction,data.gov.in - Ministry of Road Transport & Highways
956,2020,Assam,Guwahati,National Highway,Two-Wheeler,9186,14833,2965,Fatigue/Sleep,18:00-21:00,Wet,Daylight,Misty,Grievous Injury,No Junction,data.gov.in - Ministry of Road Transport & Highways
957,2021,Mizoram,Mizoram,Expressway,Pedestrian,10821,14067,671,Vehicle Defect,06:00-09:00,Under Repair,Dark - Street Light On,Clear,Fatal,Roundabout,data.gov.in - Ministry of Road Transport & Highways
958,2023,Assam,Dibrugarh,Expressway,Bicycle,742,1136,160,Fatigue/Sleep,12:00-15:00,Wet,Dark - No Street Light,Cloudy,Fatal,Four-Arm Junction,data.gov.in - Ministry of Road Transport & Highways
959,2020,Arunachal Pradesh,Arunachal Pradesh,National Highway,Two-Wheeler,1406,1445,110,Vehicle Defect,15:00-18:00,Dry,Dusk/Dawn,Cloudy,No Injury,No Junction,data.gov.in - Ministry of Road Transport & Highways
960,2019,Himachal Pradesh,Himachal Pradesh,Expressway,Two-Wheeler,3636,6910,921,Improper Lane Changing,18:00-21:00,Flooded,Daylight,Clear,No Injury,Y-Junction,data.gov.in - Ministry of Road Transport & Highways
961,2019,Daman & Diu,Daman & Diu,State Highway,Truck/Lorry,3104,6562,347,Jumping Red Light,00:00-06:00,Dry,Daylight,Rainy,Minor Injury,T-Junction,data.gov.in - Ministry of Road Transport & Highways
962,2021,Daman & Diu,Daman & Diu,Expressway,Others,11849,14555,1290,Drunk Driving,12:00-15:00,Potholed,Dusk/Dawn,Cloudy,Grievous Injury,T-Junction,data.gov.in - Ministry of Road Transport & Highways
963,2022,Odisha,Bhubaneswar,Other Roads,Bus,8665,15287,1280,Fatigue/Sleep,15:00-18:00,Dry,Dark - Street Light On,Foggy,Fatal,No Junction,data.gov.in - Ministry of Road Transport & Highways
964,2020,Mizoram,Mizoram,National Highway,Car/Jeep/Taxi,4708,8144,1186,Vehicle Defect,09:00-12:00,Under Repair,Dark - No Street Light,Misty,Fatal,T-Junction,data.gov.in - Ministry of Road Transport & Highways
965,2022,Odisha,Rourkela,City Roads,Car/Jeep/Taxi,568,1176,191,Vehicle Defect,00:00-06:00,Dry,Daylight,Foggy,Minor Injury,Y-Junction,data.gov.in - Ministry of Road Transport & Highways
966,2020,Odisha,Rourkela,State Highway,Car/Jeep/Taxi,11409,12364,3456,Over Speeding,21:00-24:00,Potholed,Dark - Street Light On,Foggy,Fatal,Roundabout,data.gov.in - Ministry of Road Transport & Highways
967,2021,Dadra & Nagar Haveli,Dadra & Nagar Haveli,Expressway,Two-Wheeler,11006,23290,1680,Poor Weather Visibility,21:00-24:00,Wet,Daylight,Misty,Grievous Injury,Roundabout,data.gov.in - Ministry of Road Transport & Highways
968,2023,Himachal Pradesh,Himachal Pradesh,National Highway,Car/Jeep/Taxi,8549,13909,432,Bad Road Condition,00:00-06:00,Flooded,Dusk/Dawn,Clear,Fatal,Roundabout,data.gov.in - Ministry of Road Transport & Highways
969,2021,Manipur,Manipur,City Roads,Others,4064,7790,451,Vehicle Defect,18:00-21:00,Potholed,Dark - Street Light On,Misty,No Injury,Four-Arm Junction,data.gov.in - Ministry of Road Transport & Highways
970,2021,West Bengal,Durgapur,Expressway,Two-Wheeler,4173,10315,1204,Use of Mobile Phone,12:00-15:00,Dry,Daylight,Clear,Minor Injury,No Junction,data.gov.in - Ministry of Road Transport & Highways
971,2022,Punjab,Amritsar,National Highway,Truck/Lorry,6316,14571,1355,Use of Mobile Phone,12:00-15:00,Wet,Dark - Street Light On,Misty,Fatal,Four-Arm Junction,data.gov.in - Ministry of Road Transport & Highways
972,2023,Odisha,Cuttack,State Highway,Car/Jeep/Taxi,3816,5427,381,Wrong Side Driving,18:00-21:00,Under Repair,Dark - Street Light On,Clear,Fatal,Y-Junction,data.gov.in - Ministry of Road Transport & Highways
973,2019,Nagaland,Nagaland,Expressway,Others,3473,7875,1008,Improper Lane Changing,09:00-12:00,Dry,Daylight,Misty,No Injury,T-Junction,data.gov.in - Ministry of Road Transport & Highways
974,2019,Lakshadweep,Lakshadweep,City Roads,Pedestrian,9945,22096,1167,Jumping Red Light,12:00-15:00,Potholed,Dark - No Street Light,Rainy,Grievous Injury,No Junction,data.gov.in - Ministry of Road Transport & Highways
975,2023,Tripura,Tripura,National Highway,Others,660,749,204,Jumping Red Light,15:00-18:00,Under Repair,Dark - No Street Light,Cloudy,Minor Injury,Y-Junction,data.gov.in - Ministry of Road Transport & Highways
976,2019,Madhya Pradesh,Gwalior,City Roads,Pedestrian,1093,1203,367,Tyre Burst,21:00-24:00,Potholed,Dark - No Street Light,Foggy,No Injury,Y-Junction,data.gov.in - Ministry of Road Transport & Highways
977,2023,Himachal Pradesh,Himachal Pradesh,City Roads,Bus,959,784,300,Drunk Driving,00:00-06:00,Under Repair,Dusk/Dawn,Misty,No Injury,T-Junction,data.gov.in - Ministry of Road Transport & Highways
978,2021,Kerala,Thrissur,State Highway,Car/Jeep/Taxi,4700,10484,1474,Jumping Red Light,12:00-15:00,Wet,Dark - Street Light On,Foggy,Minor Injury,Four-Arm Junction,data.gov.in - Ministry of Road Transport & Highways
979,2021,Punjab,Jalandhar,Other Roads,Two-Wheeler,75,175,5,Drunk Driving,09:00-12:00,Potholed,Dark - No Street Light,Cloudy,No Injury,Roundabout,data.gov.in - Ministry of Road Transport & Highways
980,2019,Ladakh,Ladakh,Expressway,Two-Wheeler,4076,8739,721,Over Speeding,09:00-12:00,Under Repair,Dusk/Dawn,Rainy,Minor Injury,T-Junction,data.gov.in - Ministry of Road Transport & Highways
981,2021,Manipur,Manipur,State Highway,Truck/Lorry,7914,14783,872,Bad Road Condition,00:00-06:00,Potholed,Dark - No Street Light,Foggy,No Injury,No Junction,data.gov.in - Ministry of Road Transport & Highways
982,2019,Rajasthan,Jodhpur,Expressway,Others,272,412,94,Bad Road Condition,21:00-24:00,Wet,Daylight,Rainy,Fatal,Y-Junction,data.gov.in - Ministry of Road Transport & Highways
983,2022,Karnataka,Bengaluru,City Roads,Bicycle,7322,18130,2242,Improper Lane Changing,00:00-06:00,Potholed,Dark - No Street Light,Rainy,Grievous Injury,T-Junction,data.gov.in - Ministry of Road Transport & Highways
984,2023,Jammu & Kashmir,Jammu,City Roads,Auto-Rickshaw,11056,22492,3075,Fatigue/Sleep,06:00-09:00,Flooded,Daylight,Foggy,Grievous Injury,Four-Arm Junction,data.gov.in - Ministry of Road Transport & Highways
985,2021,Haryana,Panipat,Other Roads,Auto-Rickshaw,10211,12451,2268,Use of Mobile Phone,00:00-06:00,Wet,Dark - No Street Light,Rainy,No Injury,Four-Arm Junction,data.gov.in - Ministry of Road Transport & Highways
986,2023,Assam,Dibrugarh,National Highway,Truck/Lorry,2264,5418,335,Use of Mobile Phone,09:00-12:00,Dry,Dusk/Dawn,Misty,Fatal,Four-Arm Junction,data.gov.in - Ministry of Road Transport & Highways
987,2020,Goa,Goa,Expressway,Pedestrian,8704,21077,1719,Use of Mobile Phone,21:00-24:00,Flooded,Dusk/Dawn,Clear,Grievous Injury,T-Junction,data.gov.in - Ministry of Road Transport & Highways
988,2020,Lakshadweep,Lakshadweep,Other Roads,Auto-Rickshaw,8314,19125,445,Drunk Driving,12:00-15:00,Flooded,Dark - No Street Light,Clear,Fatal,Y-Junction,data.gov.in - Ministry of Road Transport & Highways
989,2020,Uttar Pradesh,Agra,State Highway,Two-Wheeler,5525,11679,683,Vehicle Defect,15:00-18:00,Wet,Dusk/Dawn,Clear,Grievous Injury,Y-Junction,data.gov.in - Ministry of Road Transport & Highways
990,2022,Dadra & Nagar Haveli,Dadra & Nagar Haveli,City Roads,Two-Wheeler,8918,20929,674,Over Speeding,00:00-06:00,Dry,Dark - No Street Light,Cloudy,Grievous Injury,T-Junction,data.gov.in - Ministry of Road Transport & Highways
991,2020,Odisha,Cuttack,State Highway,Two-Wheeler,4874,11209,371,Bad Road Condition,21:00-24:00,Potholed,Daylight,Clear,Grievous Injury,Roundabout,data.gov.in - Ministry of Road Transport & Highways
992,2021,Gujarat,Rajkot,National Highway,Auto-Rickshaw,2683,6532,168,Improper Lane Changing,00:00-06:00,Dry,Dusk/Dawn,Cloudy,Fatal,Roundabout,data.gov.in - Ministry of Road Transport & Highways
993,2020,Puducherry,Puducherry,City Roads,Car/Jeep/Taxi,4424,8669,318,Tyre Burst,18:00-21:00,Wet,Dark - No Street Light,Cloudy,Fatal,Y-Junction,data.gov.in - Ministry of Road Transport & Highways
994,2019,Maharashtra,Nashik,City Roads,Two-Wheeler,3256,6550,818,Vehicle Defect,00:00-06:00,Flooded,Dusk/Dawn,Clear,No Injury,T-Junction,data.gov.in - Ministry of Road Transport & Highways
995,2021,Telangana,Karimnagar,National Highway,Auto-Rickshaw,3875,3646,396,Bad Road Condition,06:00-09:00,Under Repair,Daylight,Misty,Grievous Injury,No Junction,data.gov.in - Ministry of Road Transport & Highways
996,2019,Bihar,Gaya,Other Roads,Auto-Rickshaw,10758,21380,1802,Fatigue/Sleep,18:00-21:00,Dry,Dark - Street Light On,Misty,No Injury,Four-Arm Junction,data.gov.in - Ministry of Road Transport & Highways
997,2022,Mizoram,Mizoram,Expressway,Truck/Lorry,1291,1534,98,Bad Road Condition,18:00-21:00,Wet,Dusk/Dawn,Foggy,Fatal,T-Junction,data.gov.in - Ministry of Road Transport & Highways
998,2019,Assam,Guwahati,Expressway,Auto-Rickshaw,6028,10401,2069,Bad Road Condition,00:00-06:00,Flooded,Dark - Street Light On,Rainy,Fatal,Roundabout,data.gov.in - Ministry of Road Transport & Highways
999,2023,Punjab,Jalandhar,National Highway,Others,8393,10240,2750,Jumping Red Light,18:00-21:00,Potholed,Daylight,Rainy,No Injury,Y-Junction,data.gov.in - Ministry of Road Transport & Highways
1000,2019,Bihar,Patna,Expressway,Auto-Rickshaw,2636,3331,847,Jumping Red Light,21:00-24:00,Flooded,Daylight,Rainy,No Injury,Four-Arm Junction,data.gov.in - Ministry of Road Transport & Highways
1001,2022,Goa,Goa,City Roads,Bicycle,6854,6250,441,Over Speeding,18:00-21:00,Wet,Daylight,Cloudy,No Injury,T-Junction,data.gov.in - Ministry of Road Transport & Highways
1002,2023,Kerala,Kozhikode,City Roads,Bus,4390,8597,1165,Drunk Driving,06:00-09:00,Dry,Dark - No Street Light,Clear,Fatal,No Junction,data.gov.in - Ministry of Road Transport & Highways
1003,2023,Kerala,Thrissur,Other Roads,Bus,1121,2431,384,Wrong Side Driving,15:00-18:00,Potholed,Dark - No Street Light,Misty,Minor Injury,Roundabout,data.gov.in - Ministry of Road Transport & Highways
1004,2023,Karnataka,Bengaluru,National Highway,Bus,11798,21529,3606,Jumping Red Light,12:00-15:00,Dry,Dark - No Street Light,Clear,No Injury,Roundabout,data.gov.in - Ministry of Road Transport & Highways
1005,2021,Chandigarh,Chandigarh,State Highway,Two-Wheeler,10130,12963,2451,Fatigue/Sleep,18:00-21:00,Potholed,Dark - Street Light On,Cloudy,Minor Injury,Y-Junction,data.gov.in - Ministry of Road Transport & Highways
1006,2020,Telangana,Warangal,City Roads,Auto-Rickshaw,11432,10604,3759,Use of Mobile Phone,12:00-15:00,Flooded,Dark - Street Light On,Cloudy,No Injury,Four-Arm Junction,data.gov.in - Ministry of Road Transport & Highways
1007,2023,Uttar Pradesh,Agra,State Highway,Auto-Rickshaw,8935,9824,721,Tyre Burst,12:00-15:00,Flooded,Dark - No Street Light,Clear,Grievous Injury,No Junction,data.gov.in - Ministry of Road Transport & Highways
1008,2022,Telangana,Warangal,State Highway,Bicycle,6453,7801,2246,Drunk Driving,09:00-12:00,Under Repair,Dark - No Street Light,Cloudy,No Injury,Four-Arm Junction,data.gov.in - Ministry of Road Transport & Highways
1009,2021,Nagaland,Nagaland,Other Roads,Pedestrian,156,237,47,Improper Lane Changing,12:00-15:00,Dry,Dark - Street Light On,Misty,Fatal,T-Junction,data.gov.in - Ministry of Road Transport & Highways
1010,2022,Uttar Pradesh,Noida,Expressway,Auto-Rickshaw,3581,3200,740,Use of Mobile Phone,12:00-15:00,Dry,Dark - No Street Light,Misty,Fatal,No Junction,data.gov.in - Ministry of Road Transport & Highways
1011,2020,Uttarakhand,Uttarakhand,State Highway,Car/Jeep/Taxi,1209,1065,111,Improper Lane Changing,06:00-09:00,Wet,Dark - Street Light On,Foggy,No Injury,Y-Junction,data.gov.in - Ministry of Road Transport & Highways
1012,2020,Arunachal Pradesh,Arunachal Pradesh,Other Roads,Bus,3349,5032,1052,Jumping Red Light,09:00-12:00,Under Repair,Dusk/Dawn,Cloudy,Fatal,Roundabout,data.gov.in - Ministry of Road Transport & Highways
1013,2023,Kerala,Thrissur,Expressway,Car/Jeep/Taxi,11332,26117,3039,Jumping Red Light,06:00-09:00,Under Repair,Daylight,Foggy,Minor Injury,Roundabout,data.gov.in - Ministry of Road Transport & Highways
1014,2019,Chandigarh,Chandigarh,State Highway,Pedestrian,891,2182,127,Jumping Red Light,21:00-24:00,Under Repair,Dark - No Street Light,Cloudy,Grievous Injury,Roundabout,data.gov.in - Ministry of Road Transport & Highways
1015,2023,Manipur,Manipur,Other Roads,Pedestrian,2341,4462,750,Vehicle Defect,21:00-24:00,Flooded,Daylight,Clear,Fatal,No Junction,data.gov.in - Ministry of Road Transport & Highways
1016,2022,West Bengal,Asansol,National Highway,Truck/Lorry,8873,20992,1578,Tyre Burst,00:00-06:00,Under Repair,Dark - Street Light On,Rainy,Minor Injury,No Junction,data.gov.in - Ministry of Road Transport & Highways
1017,2019,Punjab,Ludhiana,Other Roads,Truck/Lorry,1080,1943,295,Jumping Red Light,09:00-12:00,Potholed,Dusk/Dawn,Misty,Minor Injury,Y-Junction,data.gov.in - Ministry of Road Transport & Highways
1018,2020,Jharkhand,Jharkhand,City Roads,Auto-Rickshaw,1836,2338,125,Over Speeding,21:00-24:00,Under Repair,Dusk/Dawn,Cloudy,Fatal,T-Junction,data.gov.in - Ministry of Road Transport & Highways
1019,2019,Gujarat,Vadodara,Expressway,Others,7415,6883,2138,Drunk Driving,12:00-15:00,Potholed,Dark - Street Light On,Foggy,No Injury,Roundabout,data.gov.in - Ministry of Road Transport & Highways
1020,2020,Arunachal Pradesh,Arunachal Pradesh,Other Roads,Truck/Lorry,4497,6941,564,Poor Weather Visibility,12:00-15:00,Wet,Daylight,Clear,No Injury,No Junction,data.gov.in - Ministry of Road Transport & Highways
1021,2020,West Bengal,Durgapur,National Highway,Bus,11780,21509,1514,Fatigue/Sleep,18:00-21:00,Wet,Dark - No Street Light,Misty,No Injury,Four-Arm Junction,data.gov.in - Ministry of Road Transport & Highways
1022,2022,Nagaland,Nagaland,Other Roads,Car/Jeep/Taxi,10801,22647,2291,Vehicle Defect,18:00-21:00,Under Repair,Dark - No Street Light,Foggy,Grievous Injury,Y-Junction,data.gov.in - Ministry of Road Transport & Highways
1023,2020,Nagaland,Nagaland,National Highway,Auto-Rickshaw,117,284,14,Drunk Driving,00:00-06:00,Wet,Dark - Street Light On,Foggy,Minor Injury,T-Junction,data.gov.in - Ministry of Road Transport & Highways
1024,2020,Rajasthan,Udaipur,Expressway,Two-Wheeler,10687,11105,972,Wrong Side Driving,06:00-09:00,Dry,Daylight,Foggy,Fatal,T-Junction,data.gov.in - Ministry of Road Transport & Highways
1025,2023,Andaman & Nicobar Islands,Andaman & Nicobar Islands,National Highway,Bus,9102,13497,725,Wrong Side Driving,15:00-18:00,Wet,Dark - No Street Light,Misty,No Injury,No Junction,data.gov.in - Ministry of Road Transport & Highways
1026,2023,Gujarat,Rajkot,City Roads,Truck/Lorry,6628,10617,2028,Over Speeding,00:00-06:00,Potholed,Dusk/Dawn,Foggy,Minor Injury,Y-Junction,data.gov.in - Ministry of Road Transport & Highways
1027,2023,Andhra Pradesh,Vijayawada,City Roads,Car/Jeep/Taxi,744,1342,69,Use of Mobile Phone,06:00-09:00,Flooded,Daylight,Foggy,Minor Injury,T-Junction,data.gov.in - Ministry of Road Transport & Highways
1028,2021,West Bengal,Durgapur,Other Roads,Two-Wheeler,10059,10591,1345,Poor Weather Visibility,12:00-15:00,Under Repair,Dusk/Dawn,Clear,No Injury,Four-Arm Junction,data.gov.in - Ministry of Road Transport & Highways
1029,2023,Rajasthan,Udaipur,National Highway,Bicycle,10231,20919,2619,Vehicle Defect,18:00-21:00,Potholed,Dusk/Dawn,Clear,Grievous Injury,T-Junction,data.gov.in - Ministry of Road Transport & Highways
1030,2023,Goa,Goa,City Roads,Two-Wheeler,7940,19483,814,Tyre Burst,09:00-12:00,Wet,Daylight,Misty,Minor Injury,T-Junction,data.gov.in - Ministry of Road Transport & Highways
1031,2021,Gujarat,Surat,City Roads,Truck/Lorry,7409,18174,2095,Bad Road Condition,21:00-24:00,Wet,Dark - No Street Light,Rainy,Minor Injury,No Junction,data.gov.in - Ministry of Road Transport & Highways
1032,2019,Tamil Nadu,Coimbatore,Other Roads,Truck/Lorry,11589,18290,2105,Bad Road Condition,21:00-24:00,Flooded,Dark - Street Light On,Foggy,No Injury,No Junction,data.gov.in - Ministry of Road Transport & Highways
1033,2023,Manipur,Manipur,Expressway,Two-Wheeler,5463,10515,1744,Vehicle Defect,18:00-21:00,Potholed,Dark - No Street Light,Foggy,Grievous Injury,Four-Arm Junction,data.gov.in - Ministry of Road Transport & Highways
1034,2019,Chhattisgarh,Raipur,City Roads,Bicycle,6676,12750,2097,Tyre Burst,12:00-15:00,Wet,Dark - Street Light On,Foggy,Minor Injury,T-Junction,data.gov.in - Ministry of Road Transport & Highways
1035,2021,Nagaland,Nagaland,National Highway,Car/Jeep/Taxi,7225,11435,655,Use of Mobile Phone,18:00-21:00,Wet,Daylight,Misty,Minor Injury,No Junction,data.gov.in - Ministry of Road Transport & Highways
1036,2021,Himachal Pradesh,Himachal Pradesh,Other Roads,Bicycle,9637,11241,1059,Jumping Red Light,18:00-21:00,Dry,Dark - No Street Light,Foggy,No Injury,T-Junction,data.gov.in - Ministry of Road Transport & Highways
1037,2019,Andaman & Nicobar Islands,Andaman & Nicobar Islands,State Highway,Others,7821,13744,1899,Bad Road Condition,06:00-09:00,Dry,Daylight,Misty,Grievous Injury,Y-Junction,data.gov.in - Ministry of Road Transport & Highways
1038,2022,Puducherry,Puducherry,Expressway,Pedestrian,3627,3139,1255,Fatigue/Sleep,15:00-18:00,Wet,Dusk/Dawn,Rainy,Fatal,Roundabout,data.gov.in - Ministry of Road Transport & Highways
1039,2020,Dadra & Nagar Haveli,Dadra & Nagar Haveli,Other Roads,Two-Wheeler,5631,13866,1271,Over Speeding,15:00-18:00,Potholed,Daylight,Foggy,Grievous Injury,Y-Junction,data.gov.in - Ministry of Road Transport & Highways