SNo,Year,State_UT,City,Road_Classification,Mode_of_Transport,Total_Accidents,Persons_Injured,Persons_Killed,Accident_Cause,Time_of_Accident,Road_Condition,Light_Condition,Weather_Condition,Injury_Severity,Junction_Type,Source
1040,2020,Meghalaya,Meghalaya,Expressway,Bus,8713,9144,1086,Wrong Side Driving,12:00-15:00,Wet,Dark - Street Light On,Rainy,Minor Injury,No Junction,data.gov.in - Ministry of Road Transport & Highways
1041,2022,Chhattisgarh,Durg,Expressway,Two-Wheeler,8036,16618,2605,Use of Mobile Phone,12:00-15:00,Wet,Dusk/Dawn,Foggy,Minor Injury,No Junction,data.gov.in - Ministry of Road Transport & Highways
1042,2021,Ladakh,Ladakh,State Highway,Truck/Lorry,6125,13742,422,Bad Road Condition,06:00-09:00,Wet,Dark - No Street Light,Clear,Grievous Injury,Four-Arm Junction,data.gov.in - Ministry of Road Transport & Highways
1043,2022,Karnataka,Hubli,Expressway,Auto-Rickshaw,11504,16214,1474,Use of Mobile Phone,06:00-09:00,Potholed,Dusk/Dawn,Foggy,Minor Injury,T-Junction,data.gov.in - Ministry of Road Transport & Highways
1044,2022,Rajasthan,Jaipur,State Highway,Truck/Lorry,3536,4810,478,Wrong Side Driving,15:00-18:00,Wet,Daylight,Misty,No Injury,No Junction,data.gov.in - Ministry of Road Transport & Highways
1045,2020,Madhya Pradesh,Indore,Expressway,Others,10578,12118,3420,Bad Road Condition,12:00-15:00,Under Repair,Daylight,Misty,Minor Injury,No Junction,data.gov.in - Ministry of Road Transport & Highways
1046,2021,Chhattisgarh,Bilaspur,State Highway,Bus,8210,6676,440,Poor Weather Visibility,18:00-21:00,Dry,Dark - No Street Light,Rainy,Minor Injury,Four-Arm Junction,data.gov.in - Ministry of Road Transport & Highways
1047,2022,Uttarakhand,Uttarakhand,Other Roads,Auto-Rickshaw,2273,2792,697,Use of Mobile Phone,12:00-15:00,Potholed,Dusk/Dawn,Cloudy,Fatal,Y-Junction,data.gov.in - Ministry of Road Transport & Highways
1048,2021,Jharkhand,Jharkhand,City Roads,Two-Wheeler,6945,10405,2420,Jumping Red Light,21:00-24:00,Flooded,Daylight,Foggy,Grievous Injury,Y-Junction,data.gov.in - Ministry of Road Transport & Highways
1049,2021,Karnataka,Hubli,City Roads,Truck/Lorry,8457,18236,2258,Tyre Burst,09:00-12:00,Wet,Dusk/Dawn,Foggy,Minor Injury,Y-Junction,data.gov.in - Ministry of Road Transport & Highways
1050,2019,Assam,Guwahati,National Highway,Truck/Lorry,4729,7305,1227,Drunk Driving,00:00-06:00,Potholed,Dusk/Dawn,Rainy,Minor Injury,No Junction,data.gov.in - Ministry of Road Transport & Highways
1051,2022,Madhya Pradesh,Jabalpur,National Highway,Bicycle,6528,15617,1105,Drunk Driving,15:00-18:00,Wet,Dark - Street Light On,Misty,Fatal,No Junction,data.gov.in - Ministry of Road Transport & Highways
1052,2019,Tamil Nadu,Madurai,City Roads,Car/Jeep/Taxi,4752,6081,355,Poor Weather Visibility,06:00-09:00,Potholed,Dusk/Dawn,Misty,Grievous Injury,Y-Junction,data.gov.in - Ministry of Road Transport & Highways
1053,2023,Kerala,Thrissur,Expressway,Bicycle,10823,13672,1050,Vehicle Defect,21:00-24:00,Under Repair,Daylight,Misty,No Injury,No Junction,data.gov.in - Ministry of Road Transport & Highways
1054,2021,Uttar Pradesh,Allahabad,Other Roads,Bicycle,10645,14818,2754,Wrong Side Driving,21:00-24:00,Potholed,Daylight,Rainy,No Injury,Y-Junction,data.gov.in - Ministry of Road Transport & Highways
1055,2022,Manipur,Manipur,City Roads,Pedestrian,1486,2932,348,Wrong Side Driving,06:00-09:00,Dry,Dusk/Dawn,Clear,No Injury,Roundabout,data.gov.in - Ministry of Road Transport & Highways
1056,2022,West Bengal,Durgapur,Other Roads,Auto-Rickshaw,5807,11462,1532,Use of Mobile Phone,15:00-18:00,Wet,Daylight,Misty,Minor Injury,Roundabout,data.gov.in - Ministry of Road Transport & Highways
1057,2022,Jharkhand,Jharkhand,State Highway,Pedestrian,8288,17118,2359,Over Speeding,06:00-09:00,Wet,Daylight,Foggy,Fatal,T-Junction,data.gov.in - Ministry of Road Transport & Highways
1058,2019,Meghalaya,Meghalaya,City Roads,Bus,9201,8730,2469,Tyre Burst,18:00-21:00,Flooded,Dark - No Street Light,Foggy,Grievous Injury,Roundabout,data.gov.in - Ministry of Road Transport & Highways
1059,2023,Meghalaya,Meghalaya,City Roads,Pedestrian,10303,23833,1039,Poor Weather Visibility,09:00-12:00,Potholed,Daylight,Cloudy,No Injury,Y-Junction,data.gov.in - Ministry of Road Transport & Highways
1060,2021,Delhi,New Delhi,State Highway,Others,8120,12818,1086,Wrong Side Driving,21:00-24:00,Under Repair,Dusk/Dawn,Rainy,Grievous Injury,No Junction,data.gov.in - Ministry of Road Transport & Highways
1061,2019,West Bengal,Howrah,Expressway,Two-Wheeler,1989,3006,556,Tyre Burst,18:00-21:00,Dry,Dusk/Dawn,Clear,No Injury,T-Junction,data.gov.in - Ministry of Road Transport & Highways
1062,2023,Maharashtra,Pune,Expressway,Bicycle,255,535,64,Poor Weather Visibility,00:00-06:00,Potholed,Dark - No Street Light,Cloudy,Minor Injury,Four-Arm Junction,data.gov.in - Ministry of Road Transport & Highways
1063,2020,Andhra Pradesh,Vijayawada,Other Roads,Pedestrian,4115,6200,806,Bad Road Condition,06:00-09:00,Dry,Dusk/Dawn,Rainy,No Injury,Four-Arm Junction,data.gov.in - Ministry of Road Transport & Highways
1064,2019,Lakshadweep,Lakshadweep,Expressway,Others,7786,11540,2536,Jumping Red Light,00:00-06:00,Dry,Dusk/Dawn,Clear,Grievous Injury,Y-Junction,data.gov.in - Ministry of Road Transport & Highways
1065,2021,Nagaland,Nagaland,National Highway,Bicycle,4377,4508,816,Fatigue/Sleep,15:00-18:00,Wet,Dark - Street Light On,Cloudy,Minor Injury,Y-Junction,data.gov.in - Ministry of Road Transport & Highways
1066,2023,Himachal Pradesh,Himachal Pradesh,Other Roads,Bus,5350,9844,414,Jumping Red Light,15:00-18:00,Potholed,Dark - Street Light On,Clear,Grievous Injury,T-Junction,data.gov.in - Ministry of Road Transport & Highways
1067,2023,Maharashtra,Pune,Other Roads,Auto-Rickshaw,4844,6903,1172,Poor Weather Visibility,06:00-09:00,Flooded,Dusk/Dawn,Clear,Minor Injury,T-Junction,data.gov.in - Ministry of Road Transport & Highways
1068,2021,Bihar,Bhagalpur,City Roads,Pedestrian,2930,5053,767,Use of Mobile Phone,18:00-21:00,Flooded,Daylight,Clear,No Injury,No Junction,data.gov.in - Ministry of Road Transport & Highways
1069,2021,Meghalaya,Meghalaya,National Highway,Auto-Rickshaw,11811,24331,3651,Over Speeding,06:00-09:00,Potholed,Dark - No Street Light,Rainy,Fatal,Y-Junction,data.gov.in - Ministry of Road Transport & Highways
1070,2019,Himachal Pradesh,Himachal Pradesh,Expressway,Car/Jeep/Taxi,9859,21309,1154,Fatigue/Sleep,21:00-24:00,Under Repair,Dark - Street Light On,Cloudy,No Injury,Four-Arm Junction,data.gov.in - Ministry of Road Transport & Highways
1071,2019,Punjab,Patiala,Other Roads,Bus,11363,22182,2662,Wrong Side Driving,15:00-18:00,Flooded,Daylight,Cloudy,Fatal,Four-Arm Junction,data.gov.in - Ministry of Road Transport & Highways
1072,2020,Jammu & Kashmir,Jammu,State Highway,Truck/Lorry,1915,4069,269,Improper Lane Changing,15:00-18:00,Dry,Dark - Street Light On,Cloudy,Grievous Injury,T-Junction,data.gov.in - Ministry of Road Transport & Highways
1073,2020,Delhi,New Delhi,National Highway,Two-Wheeler,11379,13765,3522,Bad Road Condition,06:00-09:00,Under Repair,Dark - No Street Light,Cloudy,Fatal,T-Junction,data.gov.in - Ministry of Road Transport & Highways
1074,2019,Uttarakhand,Uttarakhand,National Highway,Bus,5820,7116,1475,Poor Weather Visibility,12:00-15:00,Flooded,Daylight,Foggy,Minor Injury,No Junction,data.gov.in - Ministry of Road Transport & Highways
1075,2020,Haryana,Faridabad,National Highway,Car/Jeep/Taxi,7285,17354,2325,Improper Lane Changing,12:00-15:00,Wet,Dark - No Street Light,Foggy,Grievous Injury,Roundabout,data.gov.in - Ministry of Road Transport & Highways
1076,2022,Arunachal Pradesh,Arunachal Pradesh,State Highway,Two-Wheeler,3060,6328,299,Poor Weather Visibility,06:00-09:00,Dry,Dark - Street Light On,Foggy,Minor Injury,Four-Arm Junction,data.gov.in - Ministry of Road Transport & Highways
1077,2020,Madhya Pradesh,Gwalior,National Highway,Auto-Rickshaw,1857,2373,363,Vehicle Defect,15:00-18:00,Dry,Daylight,Cloudy,No Injury,Y-Junction,data.gov.in - Ministry of Road Transport & Highways
1078,2023,Odisha,Rourkela,State Highway,Bicycle,10538,15844,1255,Tyre Burst,00:00-06:00,Potholed,Dark - No Street Light,Foggy,No Injury,Y-Junction,data.gov.in - Ministry of Road Transport & Highways
1079,2021,Puducherry,Puducherry,National Highway,Others,4307,8515,259,Vehicle Defect,12:00-15:00,Wet,Dark - No Street Light,Rainy,Fatal,Four-Arm Junction,data.gov.in - Ministry of Road Transport & Highways
1080,2021,Meghalaya,Meghalaya,Expressway,Pedestrian,6496,11479,1078,Fatigue/Sleep,09:00-12:00,Potholed,Dark - No Street Light,Foggy,No Injury,T-Junction,data.gov.in - Ministry of Road Transport & Highways
1081,2023,Telangana,Karimnagar,Other Roads,Auto-Rickshaw,664,895,78,Bad Road Condition,09:00-12:00,Under Repair,Dark - Street Light On,Misty,Fatal,No Junction,data.gov.in - Ministry of Road Transport & Highways
1082,2021,Haryana,Rohtak,Expressway,Pedestrian,5971,9942,991,Fatigue/Sleep,12:00-15:00,Wet,Dark - Street Light On,Foggy,No Injury,T-Junction,data.gov.in - Ministry of Road Transport & Highways
1083,2023,Delhi,South Delhi,City Roads,Bus,5768,9719,881,Improper Lane Changing,21:00-24:00,Under Repair,Daylight,Foggy,Grievous Injury,Four-Arm Junction,data.gov.in - Ministry of Road Transport & Highways
1084,2021,Manipur,Manipur,Expressway,Auto-Rickshaw,4133,6683,695,Vehicle Defect,09:00-12:00,Wet,Daylight,Misty,Minor Injury,Y-Junction,data.gov.in - Ministry of Road Transport & Highways
1085,2019,Nagaland,Nagaland,City Roads,Bicycle,4851,8569,1044,Over Speeding,15:00-18:00,Dry,Dark - No Street Light,Cloudy,Fatal,Roundabout,data.gov.in - Ministry of Road Transport & Highways
1086,2021,Chhattisgarh,Raipur,State Highway,Bicycle,3497,6072,1038,Poor Weather Visibility,09:00-12:00,Potholed,Dark - No Street Light,Clear,Fatal,T-Junction,data.gov.in - Ministry of Road Transport & Highways
1087,2022,Chhattisgarh,Raipur,National Highway,Two-Wheeler,4034,8196,683,Drunk Driving,18:00-21:00,Flooded,Dusk/Dawn,Misty,No Injury,T-Junction,data.gov.in - Ministry of Road Transport & Highways
1088,2019,Himachal Pradesh,Himachal Pradesh,State Highway,Auto-Rickshaw,1980,4779,365,Jumping Red Light,06:00-09:00,Wet,Dusk/Dawn,Clear,No Injury,T-Junction,data.gov.in - Ministry of Road Transport & Highways
1089,2019,Goa,Goa,Expressway,Pedestrian,3958,4457,823,Bad Road Condition,09:00-12:00,Flooded,Daylight,Foggy,No Injury,Roundabout,data.gov.in - Ministry of Road Transport & Highways
1090,2021,Madhya Pradesh,Bhopal,National Highway,Pedestrian,657,1634,72,Wrong Side Driving,06:00-09:00,Wet,Daylight,Rainy,Fatal,Roundabout,data.gov.in - Ministry of Road Transport & Highways
1091,2020,Karnataka,Mysuru,Expressway,Pedestrian,3383,2991,545,Tyre Burst,18:00-21:00,Dry,Dusk/Dawn,Foggy,Minor Injury,T-Junction,data.gov.in - Ministry of Road Transport & Highways
1092,2020,Assam,Guwahati,National Highway,Truck/Lorry,8817,8455,1131,Vehicle Defect,06:00-09:00,Wet,Daylight,Cloudy,No Injury,Y-Junction,data.gov.in - Ministry of Road Transport & Highways
1093,2021,Andhra Pradesh,Vijayawada,Expressway,Pedestrian,4676,8941,651,Tyre Burst,21:00-24:00,Under Repair,Daylight,Cloudy,Fatal,Four-Arm Junction,data.gov.in - Ministry of Road Transport & Highways
1094,2021,Karnataka,Mysuru,Other Roads,Bicycle,9637,18347,2186,Fatigue/Sleep,00:00-06:00,Potholed,Daylight,Cloudy,Fatal,T-Junction,data.gov.in - Ministry of Road Transport & Highways
1095,2020,Punjab,Amritsar,National Highway,Two-Wheeler,1306,2598,384,Bad Road Condition,21:00-24:00,Under Repair,Daylight,Rainy,No Injury,Four-Arm Junction,data.gov.in - Ministry of Road Transport & Highways
1096,2020,Arunachal Pradesh,Arunachal Pradesh,State Highway,Auto-Rickshaw,6637,16296,1151,Fatigue/Sleep,09:00-12:00,Under Repair,Dusk/Dawn,Misty,Fatal,Roundabout,data.gov.in - Ministry of Road Transport & Highways
1097,2019,Himachal Pradesh,Himachal Pradesh,City Roads,Car/Jeep/Taxi,10403,18642,3467,Drunk Driving,12:00-15:00,Wet,Daylight,Cloudy,Minor Injury,Roundabout,data.gov.in - Ministry of Road Transport & Highways
1098,2023,Andhra Pradesh,Guntur,National Highway,Truck/Lorry,2951,5769,407,Poor Weather Visibility,12:00-15:00,Dry,Dark - No Street Light,Foggy,Fatal,Roundabout,data.gov.in - Ministry of Road Transport & Highways
1099,2019,Tamil Nadu,Salem,Other Roads,Car/Jeep/Taxi,11260,18838,1088,Jumping Red Light,06:00-09:00,Flooded,Dark - Street Light On,Clear,Minor Injury,Y-Junction,data.gov.in - Ministry of Road Transport & Highways
1100,2022,Arunachal Pradesh,Arunachal Pradesh,Other Roads,Bicycle,11386,20202,1753,Tyre Burst,09:00-12:00,Flooded,Dark - Street Light On,Rainy,Fatal,No Junction,data.gov.in - Ministry of Road Transport & Highways
1101,2021,Uttar Pradesh,Allahabad,Expressway,Others,9578,13437,1910,Wrong Side Driving,15:00-18:00,Under Repair,Dark - No Street Light,Foggy,Minor Injury,T-Junction,data.gov.in - Ministry of Road Transport & Highways
1102,2021,Himachal Pradesh,Himachal Pradesh,Expressway,Bicycle,10464,20465,1266,Drunk Driving,09:00-12:00,Dry,Dusk/Dawn,Cloudy,Grievous Injury,Y-Junction,data.gov.in - Ministry of Road Transport & Highways
1103,2020,Odisha,Rourkela,National Highway,Bus,5534,10314,796,Improper Lane Changing,06:00-09:00,Dry,Dark - No Street Light,Foggy,Grievous Injury,Four-Arm Junction,data.gov.in - Ministry of Road Transport & Highways
1104,2022,Meghalaya,Meghalaya,City Roads,Others,2060,1996,128,Wrong Side Driving,21:00-24:00,Dry,Dusk/Dawn,Cloudy,Grievous Injury,Y-Junction,data.gov.in - Ministry of Road Transport & Highways
1105,2019,Dadra & Nagar Haveli,Dadra & Nagar Haveli,Expressway,Two-Wheeler,3003,5923,736,Use of Mobile Phone,06:00-09:00,Flooded,Dusk/Dawn,Clear,Minor Injury,No Junction,data.gov.in - Ministry of Road Transport & Highways
1106,2022,Kerala,Thiruvananthapuram,Expressway,Others,10217,10672,1201,Tyre Burst,18:00-21:00,Under Repair,Daylight,Foggy,Minor Injury,T-Junction,data.gov.in - Ministry of Road Transport & Highways
1107,2023,Andaman & Nicobar Islands,Andaman & Nicobar Islands,Expressway,Pedestrian,7897,16719,1196,Wrong Side Driving,06:00-09:00,Potholed,Dark - No Street Light,Cloudy,No Injury,T-Junction,data.gov.in - Ministry of Road Transport & Highways
1108,2020,Arunachal Pradesh,Arunachal Pradesh,Expressway,Bicycle,6086,5870,772,Fatigue/Sleep,12:00-15:00,Dry,Dark - Street Light On,Misty,No Injury,Y-Junction,data.gov.in - Ministry of Road Transport & Highways
1109,2022,Gujarat,Surat,City Roads,Two-Wheeler,6835,8973,1043,Tyre Burst,15:00-18:00,Wet,Dark - No Street Light,Foggy,No Injury,Roundabout,data.gov.in - Ministry of Road Transport & Highways
1110,2021,Gujarat,Vadodara,State Highway,Others,6792,14990,1750,Tyre Burst,09:00-12:00,Under Repair,Dark - No Street Light,Cloudy,Grievous Injury,No Junction,data.gov.in - Ministry of Road Transport & Highways
1111,2019,Karnataka,Mangaluru,State Highway,Truck/Lorry,9276,16359,2711,Poor Weather Visibility,06:00-09:00,Dry,Dark - Street Light On,Rainy,Grievous Injury,Roundabout,data.gov.in - Ministry of Road Transport & Highways
1112,2022,Lakshadweep,Lakshadweep,State Highway,Others,5279,9177,350,Jumping Red Light,18:00-21:00,Dry,Daylight,Rainy,No Injury,Roundabout,data.gov.in - Ministry of Road Transport & Highways
1113,2019,Daman & Diu,Daman & Diu,State Highway,Bicycle,7330,11328,803,Poor Weather Visibility,15:00-18:00,Dry,Daylight,Rainy,Fatal,Y-Junction,data.gov.in - Ministry of Road Transport & Highways
1114,2021,Rajasthan,Udaipur,State Highway,Car/Jeep/Taxi,4627,8233,806,Improper Lane Changing,18:00-21:00,Under Repair,Daylight,Foggy,Minor Injury,Y-Junction,data.gov.in - Ministry of Road Transport & Highways
1115,2021,Chhattisgarh,Raipur,City Roads,Auto-Rickshaw,6092,14737,711,Over Speeding,15:00-18:00,Dry,Dark - No Street Light,Foggy,Fatal,Roundabout,data.gov.in - Ministry of Road Transport & Highways
1116,2022,Bihar,Bhagalpur,City Roads,Two-Wheeler,11428,25576,1597,Jumping Red Light,18:00-21:00,Potholed,Dark - Street Light On,Foggy,Minor Injury,No Junction,data.gov.in - Ministry of Road Transport & Highways
1117,2019,Andhra Pradesh,Tirupati,Other Roads,Auto-Rickshaw,4083,4596,861,Jumping Red Light,12:00-15:00,Wet,Dark - Street Light On,Cloudy,Grievous Injury,T-Junction,data.gov.in - Ministry of Road Transport & Highways
1118,2021,Punjab,Patiala,Expressway,Bus,7546,14254,1688,Over Speeding,09:00-12:00,Flooded,Dark - Street Light On,Cloudy,Minor Injury,Y-Junction,data.gov.in - Ministry of Road Transport & Highways
1119,2019,Goa,Goa,Other Roads,Others,7645,7397,2632,Tyre Burst,21:00-24:00,Under Repair,Dusk/Dawn,Foggy,Minor Injury,Roundabout,data.gov.in - Ministry of Road Transport & Highways
1120,2023,Uttarakhand,Uttarakhand,Expressway,Bicycle,10306,14385,3058,Vehicle Defect,00:00-06:00,Under Repair,Dark - Street Light On,Cloudy,Minor Injury,Y-Junction,data.gov.in - Ministry of Road Transport & Highways
1121,2019,Dadra & Nagar Haveli,Dadra & Nagar Haveli,Expressway,Bicycle,8080,15133,1200,Tyre Burst,15:00-18:00,Under Repair,Dark - Street Light On,Foggy,Grievous Injury,Four-Arm Junction,data.gov.in - Ministry of Road Transport & Highways
1122,2022,Goa,Goa,City Roads,Truck/Lorry,10541,26305,1881,Bad Road Condition,09:00-12:00,Dry,Daylight,Clear,Minor Injury,T-Junction,data.gov.in - Ministry of Road Transport & Highways
1123,2023,Jammu & Kashmir,Srinagar,Other Roads,Truck/Lorry,4637,10419,522,Drunk Driving,00:00-06:00,Dry,Dark - No Street Light,Rainy,Fatal,T-Junction,data.gov.in - Ministry of Road Transport & Highways
1124,2022,Mizoram,Mizoram,National Highway,Truck/Lorry,8384,10828,1227,Improper Lane Changing,09:00-12:00,Wet,Daylight,Clear,No Injury,Four-Arm Junction,data.gov.in - Ministry of Road Transport & Highways
1125,2020,Telangana,Karimnagar,National Highway,Two-Wheeler,2119,2183,192,Over Speeding,00:00-06:00,Under Repair,Dusk/Dawn,Misty,Grievous Injury,Y-Junction,data.gov.in - Ministry of Road Transport & Highways
1126,2023,Tripura,Tripura,Expressway,Truck/Lorry,1841,3753,618,Tyre Burst,12:00-15:00,Under Repair,Dark - No Street Light,Foggy,No Injury,T-Junction,data.gov.in - Ministry of Road Transport & Highways
1127,2021,Meghalaya,Meghalaya,Other Roads,Auto-Rickshaw,1390,2978,106,Wrong Side Driving,06:00-09:00,Wet,Daylight,Cloudy,Minor Injury,No Junction,data.gov.in - Ministry of Road Transport & Highways
1128,2019,Puducherry,Puducherry,State Highway,Bus,5541,13634,1473,Improper Lane Changing,12:00-15:00,Wet,Dusk/Dawn,Rainy,Minor Injury,No Junction,data.gov.in - Ministry of Road Transport & Highways
1129,2023,Manipur,Manipur,Other Roads,Others,9161,10918,2422,Wrong Side Driving,09:00-12:00,Dry,Dusk/Dawn,Cloudy,Fatal,No Junction,data.gov.in - Ministry of Road Transport & Highways
1130,2019,Jammu & Kashmir,Srinagar,Other Roads,Bicycle,10274,14383,3416,Poor Weather Visibility,12:00-15:00,Flooded,Dark - No Street Light,Cloudy,No Injury,Roundabout,data.gov.in - Ministry of Road Transport & Highways
1131,2019,Madhya Pradesh,Indore,Expressway,Pedestrian,1025,1910,321,Over Speeding,15:00-18:00,Under Repair,Dusk/Dawn,Rainy,Minor Injury,Roundabout,data.gov.in - Ministry of Road Transport & Highways
1132,2022,Puducherry,Puducherry,Other Roads,Bicycle,6622,9338,966,Tyre Burst,09:00-12:00,Flooded,Dark - Street Light On,Foggy,Grievous Injury,Roundabout,data.gov.in - Ministry of Road Transport & Highways
1133,2019,Tamil Nadu,Madurai,City Roads,Bicycle,11481,21545,1371,Bad Road Condition,12:00-15:00,Flooded,Daylight,Misty,No Injury,T-Junction,data.gov.in - Ministry of Road Transport & Highways
1134,2021,Himachal Pradesh,Himachal Pradesh,City Roads,Pedestrian,7915,14353,1857,Over Speeding,12:00-15:00,Dry,Dark - Street Light On,Foggy,Minor Injury,No Junction,data.gov.in - Ministry of Road Transport & Highways
1135,2023,Karnataka,Hubli,Expressway,Bus,5946,14649,1233,Tyre Burst,12:00-15:00,Potholed,Dark - No Street Light,Misty,Fatal,Roundabout,data.gov.in - Ministry of Road Transport & Highways
1136,2022,Sikkim,Sikkim,Expressway,Bicycle,6716,6360,1096,Use of Mobile Phone,18:00-21:00,Flooded,Dusk/Dawn,Foggy,Fatal,No Junction,data.gov.in - Ministry of Road Transport & Highways
1137,2021,West Bengal,Kolkata,Expressway,Bus,6409,9465,415,Use of Mobile Phone,18:00-21:00,Potholed,Dusk/Dawn,Foggy,Fatal,Roundabout,data.gov.in - Ministry of Road Transport & Highways
1138,2021,Dadra & Nagar Haveli,Dadra & Nagar Haveli,National Highway,Pedestrian,5373,6642,1078,Bad Road Condition,12:00-15:00,Wet,Dark - Street Light On,Cloudy,Minor Injury,T-Junction,data.gov.in - Ministry of Road Transport & Highways
1139,2023,Dadra & Nagar Haveli,Dadra & Nagar Haveli,City Roads,Car/Jeep/Taxi,3039,6602,766,Vehicle Defect,00:00-06:00,Wet,Dark - No Street Light,Cloudy,Fatal,No Junction,data.gov.in - Ministry of Road Transport & Highways
1140,2023,Jammu & Kashmir,Jammu,City Roads,Bicycle,4239,8731,1077,Over Speeding,00:00-06:00,Potholed,Dusk/Dawn,Misty,Minor Injury,No Junction,data.gov.in - Ministry of Road Transport & Highways
1141,2020,Odisha,Bhubaneswar,Other Roads,Two-Wheeler,5296,11872,1605,Wrong Side Driving,09:00-12:00,Potholed,Dusk/Dawn,Rainy,Fatal,Roundabout,data.gov.in - Ministry of Road Transport & Highways
1142,2021,Chhattisgarh,Bilaspur,National Highway,Truck/Lorry,457,519,143,Wrong Side Driving,09:00-12:00,Under Repair,Dark - Street Light On,Foggy,Minor Injury,Roundabout,data.gov.in - Ministry of Road Transport & Highways
1143,2020,Andhra Pradesh,Visakhapatnam,State Highway,Bus,1367,1327,102,Over Speeding,06:00-09:00,Potholed,Dark - No Street Light,Cloudy,Fatal,Y-Junction,data.gov.in - Ministry of Road Transport & Highways
1144,2022,Maharashtra,Nagpur,State Highway,Auto-Rickshaw,4246,5599,1096,Bad Road Condition,12:00-15:00,Under Repair,Daylight,Foggy,Minor Injury,Y-Junction,data.gov.in - Ministry of Road Transport & Highways
1145,2020,Sikkim,Sikkim,City Roads,Truck/Lorry,11237,18139,829,Use of Mobile Phone,15:00-18:00,Flooded,Daylight,Rainy,Fatal,No Junction,data.gov.in - Ministry of Road Transport & Highways
1146,2021,Nagaland,Nagaland,State Highway,Two-Wheeler,6744,10257,834,Over Speeding,00:00-06:00,Under Repair,Dusk/Dawn,Clear,Minor Injury,Roundabout,data.gov.in - Ministry of Road Transport & Highways
1147,2022,Odisha,Rourkela,Expressway,Others,4104,6707,1339,Over Speeding,06:00-09:00,Under Repair,Dark - No Street Light,Rainy,Grievous Injury,Y-Junction,data.gov.in - Ministry of Road Transport & Highways
1148,2022,Uttarakhand,Uttarakhand,Expressway,Truck/Lorry,2242,4526,639,Bad Road Condition,18:00-21:00,Flooded,Daylight,Cloudy,No Injury,Y-Junction,data.gov.in - Ministry of Road Transport & Highways
1149,2019,Mizoram,Mizoram,Expressway,Others,5195,7491,868,Fatigue/Sleep,00:00-06:00,Flooded,Daylight,Rainy,Minor Injury,Roundabout,data.gov.in - Ministry of Road Transport & Highways
1150,2021,Manipur,Manipur,Other Roads,Car/Jeep/Taxi,8174,17673,1453,Over Speeding,12:00-15:00,Under Repair,Dark - No Street Light,Clear,Minor Injury,Y-Junction,data.gov.in - Ministry of Road Transport & Highways
1151,2022,Delhi,West Delhi,Expressway,Others,5601,4700,1293,Jumping Red Light,21:00-24:00,Under Repair,Dusk/Dawn,Cloudy,No Injury,Four-Arm Junction,data.gov.in - Ministry of Road Transport & Highways
1152,2022,West Bengal,Asansol,Expressway,Truck/Lorry,4323,6317,779,Over Speeding,00:00-06:00,Under Repair,Dusk/Dawn,Foggy,No Injury,Roundabout,data.gov.in - Ministry of Road Transport & Highways
1153,2021,Karnataka,Bengaluru,City Roads,Others,7912,15647,1570,Tyre Burst,21:00-24:00,Potholed,Daylight,Cloudy,Minor Injury,Y-Junction,data.gov.in - Ministry of Road Transport & Highways
1154,2021,Andaman & Nicobar Islands,Andaman & Nicobar Islands,State Highway,Auto-Rickshaw,7321,15462,1203,Poor Weather Visibility,18:00-21:00,Flooded,Daylight,Cloudy,Grievous Injury,Y-Junction,data.gov.in - Ministry of Road Transport & Highways