SNo,Year,State_UT,City,Road_Classification,Mode_of_Transport,Total_Accidents,Persons_Injured,Persons_Killed,Accident_Cause,Time_of_Accident,Road_Condition,Light_Condition,Weather_Condition,Injury_Severity,Junction_Type,Source
1155,2019,Lakshadweep,Lakshadweep,National Highway,Pedestrian,1046,2137,100,Drunk Driving,12:00-15:00,Flooded,Daylight,Clear,No Injury,Roundabout,data.gov.in - Ministry of Road Transport & Highways
1156,2020,Jammu & Kashmir,Jammu,Other Roads,Pedestrian,10731,10965,1634,Vehicle Defect,12:00-15:00,Under Repair,Dusk/Dawn,Misty,Minor Injury,T-Junction,data.gov.in - Ministry of Road Transport & Highways
1157,2022,Lakshadweep,Lakshadweep,State Highway,Bus,8284,13863,2862,Improper Lane Changing,15:00-18:00,Flooded,Daylight,Foggy,Minor Injury,Roundabout,data.gov.in - Ministry of Road Transport & Highways
1158,2020,Nagaland,Nagaland,Expressway,Truck/Lorry,1438,1853,319,Fatigue/Sleep,00:00-06:00,Dry,Dark - No Street Light,Cloudy,Grievous Injury,Roundabout,data.gov.in - Ministry of Road Transport & Highways
1159,2023,Chandigarh,Chandigarh,Expressway,Bus,7443,16302,560,Vehicle Defect,09:00-12:00,Dry,Dusk/Dawn,Cloudy,Minor Injury,T-Junction,data.gov.in - Ministry of Road Transport & Highways
1160,2020,Jammu & Kashmir,Jammu,Expressway,Bus,698,829,158,Jumping Red Light,06:00-09:00,Dry,Dusk/Dawn,Clear,No Injury,T-Junction,data.gov.in - Ministry of Road Transport & Highways
1161,2023,Maharashtra,Mumbai,State Highway,Bicycle,3193,2627,679,Fatigue/Sleep,12:00-15:00,Under Repair,Dark - No Street Light,Rainy,Fatal,Four-Arm Junction,data.gov.in - Ministry of Road Transport & Highways
1162,2021,Kerala,Thiruvananthapuram,State Highway,Auto-Rickshaw,6316,9165,433,Fatigue/Sleep,09:00-12:00,Under Repair,Dark - No Street Light,Clear,Fatal,Roundabout,data.gov.in - Ministry of Road Transport & Highways
1163,2020,Tamil Nadu,Chennai,State Highway,Bicycle,6968,6328,354,Over Speeding,06:00-09:00,Wet,Daylight,Misty,Fatal,Roundabout,data.gov.in - Ministry of Road Transport & Highways
1164,2020,Gujarat,Vadodara,Expressway,Auto-Rickshaw,11845,21539,1233,Wrong Side Driving,21:00-24:00,Flooded,Dark - Street Light On,Rainy,No Injury,T-Junction,data.gov.in - Ministry of Road Transport & Highways
1165,2021,Punjab,Ludhiana,Expressway,Truck/Lorry,3276,6223,383,Improper Lane Changing,15:00-18:00,Wet,Dark - No Street Light,Foggy,No Injury,Roundabout,data.gov.in - Ministry of Road Transport & Highways
1166,2020,Ladakh,Ladakh,City Roads,Truck/Lorry,4040,3351,1152,Drunk Driving,18:00-21:00,Flooded,Dusk/Dawn,Clear,Minor Injury,Roundabout,data.gov.in - Ministry of Road Transport & Highways
1167,2019,Andaman & Nicobar Islands,Andaman & Nicobar Islands,Other Roads,Truck/Lorry,8948,14761,3023,Use of Mobile Phone,09:00-12:00,Flooded,Dark - No Street Light,Misty,Fatal,T-Junction,data.gov.in - Ministry of Road Transport & Highways
1168,2020,Punjab,Ludhiana,Expressway,Two-Wheeler,1295,1625,213,Improper Lane Changing,00:00-06:00,Potholed,Daylight,Misty,Minor Injury,No Junction,data.gov.in - Ministry of Road Transport & Highways
1169,2023,Chhattisgarh,Durg,State Highway,Auto-Rickshaw,8940,19636,634,Drunk Driving,21:00-24:00,Wet,Dark - No Street Light,Foggy,Fatal,Roundabout,data.gov.in - Ministry of Road Transport & Highways
1170,2019,Gujarat,Vadodara,National Highway,Truck/Lorry,4943,6209,463,Jumping Red Light,12:00-15:00,Under Repair,Dark - No Street Light,Foggy,No Injury,T-Junction,data.gov.in - Ministry of Road Transport & Highways
1171,2019,Meghalaya,Meghalaya,Expressway,Auto-Rickshaw,10914,14611,1671,Bad Road Condition,12:00-15:00,Potholed,Dusk/Dawn,Misty,Minor Injury,T-Junction,data.gov.in - Ministry of Road Transport & Highways
1172,2020,Haryana,Panipat,City Roads,Car/Jeep/Taxi,5508,9186,1880,Drunk Driving,12:00-15:00,Flooded,Dark - No Street Light,Foggy,Fatal,Y-Junction,data.gov.in - Ministry of Road Transport & Highways
1173,2023,Chhattisgarh,Raipur,State Highway,Pedestrian,3963,5556,478,Drunk Driving,15:00-18:00,Potholed,Dark - Street Light On,Misty,No Injury,Four-Arm Junction,data.gov.in - Ministry of Road Transport & Highways
1174,2019,Haryana,Gurgaon,State Highway,Others,3297,4271,940,Fatigue/Sleep,06:00-09:00,Flooded,Dark - Street Light On,Misty,No Injury,Y-Junction,data.gov.in - Ministry of Road Transport & Highways
1175,2020,Uttar Pradesh,Meerut,Other Roads,Bicycle,2253,3233,696,Improper Lane Changing,18:00-21:00,Dry,Dark - No Street Light,Clear,Grievous Injury,Y-Junction,data.gov.in - Ministry of Road Transport & Highways
1176,2021,Nagaland,Nagaland,City Roads,Others,11928,28207,1150,Drunk Driving,06:00-09:00,Wet,Dark - Street Light On,Misty,Minor Injury,Roundabout,data.gov.in - Ministry of Road Transport & Highways
1177,2020,Madhya Pradesh,Bhopal,National Highway,Truck/Lorry,11875,12110,1648,Jumping Red Light,00:00-06:00,Potholed,Dusk/Dawn,Cloudy,Grievous Injury,Y-Junction,data.gov.in - Ministry of Road Transport & Highways
1178,2023,West Bengal,Durgapur,Other Roads,Bicycle,10538,19148,1630,Drunk Driving,18:00-21:00,Potholed,Daylight,Clear,Minor Injury,Four-Arm Junction,data.gov.in - Ministry of Road Transport & Highways
1179,2023,Madhya Pradesh,Jabalpur,Expressway,Car/Jeep/Taxi,4858,5168,1627,Fatigue/Sleep,21:00-24:00,Flooded,Dusk/Dawn,Clear,Minor Injury,No Junction,data.gov.in - Ministry of Road Transport & Highways
1180,2021,Tripura,Tripura,City Roads,Pedestrian,4065,3579,1339,Tyre Burst,06:00-09:00,Potholed,Dusk/Dawn,Cloudy,No Injury,Roundabout,data.gov.in - Ministry of Road Transport & Highways
1181,2022,Jammu & Kashmir,Srinagar,Other Roads,Bicycle,4847,5524,1298,Drunk Driving,00:00-06:00,Potholed,Dark - Street Light On,Rainy,Minor Injury,Roundabout,data.gov.in - Ministry of Road Transport & Highways
1182,2022,Uttar Pradesh,Agra,Expressway,Bicycle,11910,9733,1050,Wrong Side Driving,18:00-21:00,Dry,Dark - Street Light On,Foggy,Grievous Injury,Four-Arm Junction,data.gov.in - Ministry of Road Transport & Highways
1183,2022,Madhya Pradesh,Indore,Other Roads,Others,5869,10685,773,Drunk Driving,00:00-06:00,Under Repair,Dusk/Dawn,Clear,Minor Injury,T-Junction,data.gov.in - Ministry of Road Transport & Highways
1184,2023,Sikkim,Sikkim,City Roads,Auto-Rickshaw,6162,14367,1263,Tyre Burst,21:00-24:00,Under Repair,Dark - Street Light On,Foggy,No Injury,T-Junction,data.gov.in - Ministry of Road Transport & Highways
1185,2023,Assam,Dibrugarh,Other Roads,Pedestrian,10359,21966,1400,Fatigue/Sleep,12:00-15:00,Wet,Dark - No Street Light,Cloudy,No Injury,Roundabout,data.gov.in - Ministry of Road Transport & Highways
1186,2020,Tripura,Tripura,Other Roads,Auto-Rickshaw,6876,12546,1230,Wrong Side Driving,00:00-06:00,Under Repair,Dark - Street Light On,Rainy,No Injury,T-Junction,data.gov.in - Ministry of Road Transport & Highways
1187,2023,Madhya Pradesh,Gwalior,National Highway,Pedestrian,458,682,114,Poor Weather Visibility,06:00-09:00,Dry,Daylight,Misty,Grievous Injury,Y-Junction,data.gov.in - Ministry of Road Transport & Highways
1188,2021,Telangana,Karimnagar,Expressway,Bicycle,11540,22164,2720,Vehicle Defect,06:00-09:00,Dry,Dark - Street Light On,Clear,No Injury,T-Junction,data.gov.in - Ministry of Road Transport & Highways
1189,2019,Madhya Pradesh,Bhopal,City Roads,Others,6643,14080,1543,Poor Weather Visibility,18:00-21:00,Under Repair,Dark - No Street Light,Misty,Fatal,No Junction,data.gov.in - Ministry of Road Transport & Highways
1190,2022,Andhra Pradesh,Tirupati,Other Roads,Bicycle,16,37,3,Over Speeding,00:00-06:00,Wet,Dusk/Dawn,Misty,Grievous Injury,Four-Arm Junction,data.gov.in - Ministry of Road Transport & Highways
1191,2023,Punjab,Patiala,National Highway,Pedestrian,4834,6290,897,Vehicle Defect,06:00-09:00,Dry,Daylight,Clear,Grievous Injury,Roundabout,data.gov.in - Ministry of Road Transport & Highways
1192,2020,Himachal Pradesh,Himachal Pradesh,Expressway,Bicycle,1204,1972,416,Bad Road Condition,09:00-12:00,Wet,Dark - No Street Light,Rainy,Minor Injury,T-Junction,data.gov.in - Ministry of Road Transport & Highways
1193,2022,Andhra Pradesh,Tirupati,State Highway,Pedestrian,8954,15092,2707,Fatigue/Sleep,15:00-18:00,Flooded,Daylight,Misty,No Injury,No Junction,data.gov.in - Ministry of Road Transport & Highways
1194,2019,Uttar Pradesh,Agra,State Highway,Auto-Rickshaw,6810,13821,901,Bad Road Condition,12:00-15:00,Dry,Dark - Street Light On,Cloudy,Fatal,Roundabout,data.gov.in - Ministry of Road Transport & Highways
1195,2022,Jharkhand,Jharkhand,Other Roads,Bus,4475,8672,393,Poor Weather Visibility,09:00-12:00,Potholed,Dark - Street Light On,Clear,Fatal,T-Junction,data.gov.in - Ministry of Road Transport & Highways
1196,2021,Himachal Pradesh,Himachal Pradesh,State Highway,Car/Jeep/Taxi,9707,22306,1870,Wrong Side Driving,12:00-15:00,Wet,Dusk/Dawn,Rainy,Fatal,Roundabout,data.gov.in - Ministry of Road Transport & Highways
1197,2021,Punjab,Jalandhar,City Roads,Car/Jeep/Taxi,582,911,119,Bad Road Condition,09:00-12:00,Flooded,Dark - No Street Light,Rainy,Minor Injury,Roundabout,data.gov.in - Ministry of Road Transport & Highways
1198,2022,Uttar Pradesh,Noida,State Highway,Bus,4297,4208,1022,Drunk Driving,15:00-18:00,Under Repair,Daylight,Clear,Fatal,T-Junction,data.gov.in - Ministry of Road Transport & Highways
1199,2020,Chhattisgarh,Durg,State Highway,Bus,8275,8114,2177,Bad Road Condition,09:00-12:00,Dry,Dark - No Street Light,Misty,Minor Injury,Roundabout,data.gov.in - Ministry of Road Transport & Highways
1200,2019,Sikkim,Sikkim,National Highway,Two-Wheeler,10554,22562,653,Poor Weather Visibility,18:00-21:00,Under Repair,Daylight,Rainy,Minor Injury,Four-Arm Junction,data.gov.in - Ministry of Road Transport & Highways
1201,2019,Uttarakhand,Uttarakhand,Other Roads,Truck/Lorry,159,392,25,Vehicle Defect,06:00-09:00,Under Repair,Dark - No Street Light,Misty,Fatal,Y-Junction,data.gov.in - Ministry of Road Transport & Highways
1202,2020,Chandigarh,Chandigarh,Other Roads,Bus,4436,6641,490,Improper Lane Changing,18:00-21:00,Potholed,Dusk/Dawn,Rainy,Minor Injury,Y-Junction,data.gov.in - Ministry of Road Transport & Highways
1203,2023,Daman & Diu,Daman & Diu,State Highway,Truck/Lorry,4883,5253,1171,Wrong Side Driving,12:00-15:00,Wet,Dark - Street Light On,Foggy,No Injury,Four-Arm Junction,data.gov.in - Ministry of Road Transport & Highways
1204,2019,Lakshadweep,Lakshadweep,National Highway,Two-Wheeler,3555,7857,1095,Use of Mobile Phone,12:00-15:00,Flooded,Dark - Street Light On,Cloudy,No Injury,No Junction,data.gov.in - Ministry of Road Transport & Highways
1205,2019,Chhattisgarh,Bilaspur,State Highway,Car/Jeep/Taxi,8104,6845,1752,Bad Road Condition,12:00-15:00,Potholed,Dusk/Dawn,Misty,Fatal,T-Junction,data.gov.in - Ministry of Road Transport & Highways
1206,2023,Jharkhand,Jharkhand,City Roads,Auto-Rickshaw,3626,4250,818,Improper Lane Changing,21:00-24:00,Flooded,Dark - Street Light On,Rainy,Fatal,Y-Junction,data.gov.in - Ministry of Road Transport & Highways
1207,2022,West Bengal,Durgapur,Other Roads,Two-Wheeler,1415,2088,320,Jumping Red Light,12:00-15:00,Flooded,Dark - Street Light On,Clear,Grievous Injury,T-Junction,data.gov.in - Ministry of Road Transport & Highways
1208,2020,Madhya Pradesh,Gwalior,Other Roads,Car/Jeep/Taxi,8874,17550,1375,Tyre Burst,06:00-09:00,Dry,Dusk/Dawn,Cloudy,No Injury,Four-Arm Junction,data.gov.in - Ministry of Road Transport & Highways
1209,2019,Sikkim,Sikkim,City Roads,Bicycle,1604,1640,442,Fatigue/Sleep,21:00-24:00,Dry,Dark - Street Light On,Cloudy,Grievous Injury,No Junction,data.gov.in - Ministry of Road Transport & Highways
1210,2020,Uttarakhand,Uttarakhand,Expressway,Bus,2852,4835,983,Use of Mobile Phone,09:00-12:00,Under Repair,Daylight,Foggy,Grievous Injury,No Junction,data.gov.in - Ministry of Road Transport & Highways
1211,2020,Meghalaya,Meghalaya,Expressway,Two-Wheeler,3442,4553,489,Poor Weather Visibility,18:00-21:00,Flooded,Dusk/Dawn,Clear,Grievous Injury,T-Junction,data.gov.in - Ministry of Road Transport & Highways
1212,2019,Mizoram,Mizoram,National Highway,Truck/Lorry,2404,3229,753,Jumping Red Light,09:00-12:00,Wet,Daylight,Foggy,Minor Injury,Roundabout,data.gov.in - Ministry of Road Transport & Highways
1213,2023,Andaman & Nicobar Islands,Andaman & Nicobar Islands,Other Roads,Bus,10235,22199,3534,Wrong Side Driving,06:00-09:00,Dry,Dark - Street Light On,Clear,No Injury,Y-Junction,data.gov.in - Ministry of Road Transport & Highways
1214,2022,Manipur,Manipur,National Highway,Bicycle,5504,13195,1523,Improper Lane Changing,18:00-21:00,Wet,Daylight,Foggy,No Injury,Four-Arm Junction,data.gov.in - Ministry of Road Transport & Highways
1215,2019,Telangana,Hyderabad,Other Roads,Auto-Rickshaw,7289,15935,1036,Tyre Burst,06:00-09:00,Wet,Daylight,Misty,Minor Injury,No Junction,data.gov.in - Ministry of Road Transport & Highways
1216,2019,Bihar,Patna,National Highway,Auto-Rickshaw,5115,10366,1447,Fatigue/Sleep,15:00-18:00,Dry,Daylight,Rainy,Grievous Injury,No Junction,data.gov.in - Ministry of Road Transport & Highways
1217,2020,Bihar,Bhagalpur,State Highway,Truck/Lorry,9008,19527,2569,Poor Weather Visibility,15:00-18:00,Under Repair,Dusk/Dawn,Cloudy,Minor Injury,T-Junction,data.gov.in - Ministry of Road Transport & Highways
1218,2022,Jammu & Kashmir,Jammu,National Highway,Truck/Lorry,9761,18189,847,Vehicle Defect,12:00-15:00,Potholed,Dark - No Street Light,Clear,Fatal,Four-Arm Junction,data.gov.in - Ministry of Road Transport & Highways
1219,2022,Karnataka,Mysuru,State Highway,Bus,2091,2332,329,Improper Lane Changing,06:00-09:00,Flooded,Dark - No Street Light,Rainy,Grievous Injury,Roundabout,data.gov.in - Ministry of Road Transport & Highways
1220,2021,Rajasthan,Jodhpur,Other Roads,Bicycle,9361,23257,999,Drunk Driving,21:00-24:00,Potholed,Dusk/Dawn,Rainy,Minor Injury,T-Junction,data.gov.in - Ministry of Road Transport & Highways
1221,2022,Tripura,Tripura,Expressway,Bicycle,595,495,92,Drunk Driving,21:00-24:00,Dry,Dark - No Street Light,Rainy,Minor Injury,Roundabout,data.gov.in - Ministry of Road Transport & Highways
1222,2022,Karnataka,Hubli,Other Roads,Truck/Lorry,6740,16131,1211,Wrong Side Driving,21:00-24:00,Potholed,Dark - Street Light On,Clear,No Injury,Roundabout,data.gov.in - Ministry of Road Transport & Highways
1223,2020,Meghalaya,Meghalaya,City Roads,Pedestrian,7677,13955,513,Use of Mobile Phone,12:00-15:00,Dry,Dark - No Street Light,Clear,No Injury,T-Junction,data.gov.in - Ministry of Road Transport & Highways
1224,2019,Manipur,Manipur,Other Roads,Auto-Rickshaw,5498,6925,1598,Improper Lane Changing,18:00-21:00,Potholed,Dark - No Street Light,Cloudy,Grievous Injury,No Junction,data.gov.in - Ministry of Road Transport & Highways
1225,2020,Dadra & Nagar Haveli,Dadra & Nagar Haveli,Expressway,Auto-Rickshaw,8984,20803,2512,Over Speeding,06:00-09:00,Potholed,Daylight,Foggy,No Injury,Y-Junction,data.gov.in - Ministry of Road Transport & Highways
1226,2021,Tripura,Tripura,National Highway,Bicycle,9769,13078,2684,Poor Weather Visibility,12:00-15:00,Flooded,Dark - No Street Light,Clear,Minor Injury,Four-Arm Junction,data.gov.in - Ministry of Road Transport & Highways
1227,2022,Rajasthan,Udaipur,Expressway,Bus,7440,9533,1776,Jumping Red Light,09:00-12:00,Wet,Dark - No Street Light,Misty,Minor Injury,Y-Junction,data.gov.in - Ministry of Road Transport & Highways
1228,2019,Arunachal Pradesh,Arunachal Pradesh,Expressway,Truck/Lorry,11827,13333,1015,Vehicle Defect,21:00-24:00,Wet,Dusk/Dawn,Rainy,No Injury,Four-Arm Junction,data.gov.in - Ministry of Road Transport & Highways
1229,2023,West Bengal,Durgapur,Expressway,Bicycle,8519,8424,2542,Bad Road Condition,21:00-24:00,Wet,Daylight,Rainy,Minor Injury,T-Junction,data.gov.in - Ministry of Road Transport & Highways
1230,2019,Andaman & Nicobar Islands,Andaman & Nicobar Islands,State Highway,Truck/Lorry,2159,4730,675,Drunk Driving,00:00-06:00,Dry,Dark - No Street Light,Clear,Fatal,No Junction,data.gov.in - Ministry of Road Transport & Highways
1231,2019,Madhya Pradesh,Indore,National Highway,Pedestrian,6056,13021,408,Fatigue/Sleep,09:00-12:00,Potholed,Daylight,Clear,Minor Injury,T-Junction,data.gov.in - Ministry of Road Transport & Highways
1232,2023,Manipur,Manipur,Expressway,Truck/Lorry,10307,12644,2422,Vehicle Defect,12:00-15:00,Flooded,Dark - No Street Light,Foggy,No Injury,Roundabout,data.gov.in - Ministry of Road Transport & Highways
1233,2023,Lakshadweep,Lakshadweep,Other Roads,Others,9624,11875,1016,Fatigue/Sleep,06:00-09:00,Flooded,Dusk/Dawn,Rainy,No Injury,T-Junction,data.gov.in - Ministry of Road Transport & Highways
1234,2022,Himachal Pradesh,Himachal Pradesh,City Roads,Two-Wheeler,11410,12693,1949,Fatigue/Sleep,12:00-15:00,Under Repair,Daylight,Clear,Grievous Injury,Four-Arm Junction,data.gov.in - Ministry of Road Transport & Highways
1235,2019,Ladakh,Ladakh,Other Roads,Bicycle,7590,13847,2408,Improper Lane Changing,00:00-06:00,Flooded,Dark - No Street Light,Rainy,Minor Injury,Y-Junction,data.gov.in - Ministry of Road Transport & Highways
1236,2019,Goa,Goa,Expressway,Auto-Rickshaw,10132,19090,3345,Tyre Burst,18:00-21:00,Flooded,Daylight,Clear,No Injury,T-Junction,data.gov.in - Ministry of Road Transport & Highways
1237,2021,Gujarat,Ahmedabad,State Highway,Car/Jeep/Taxi,5861,10504,1603,Tyre Burst,15:00-18:00,Wet,Daylight,Cloudy,Grievous Injury,Y-Junction,data.gov.in - Ministry of Road Transport & Highways
1238,2019,Haryana,Rohtak,City Roads,Pedestrian,6209,8205,1592,Jumping Red Light,06:00-09:00,Dry,Dark - No Street Light,Misty,Fatal,Y-Junction,data.gov.in - Ministry of Road Transport & Highways
1239,2019,Lakshadweep,Lakshadweep,State Highway,Pedestrian,1843,4577,392,Vehicle Defect,00:00-06:00,Potholed,Daylight,Foggy,Grievous Injury,Y-Junction,data.gov.in - Ministry of Road Transport & Highways
1240,2019,Goa,Goa,Other Roads,Bicycle,7864,9083,2533,Improper Lane Changing,00:00-06:00,Wet,Dusk/Dawn,Clear,No Injury,Y-Junction,data.gov.in - Ministry of Road Transport & Highways
1241,2021,Kerala,Kochi,National Highway,Truck/Lorry,3091,4472,805,Bad Road Condition,12:00-15:00,Under Repair,Dark - No Street Light,Rainy,Minor Injury,Y-Junction,data.gov.in - Ministry of Road Transport & Highways
1242,2019,Andaman & Nicobar Islands,Andaman & Nicobar Islands,National Highway,Others,10740,9490,1215,Vehicle Defect,06:00-09:00,Wet,Dark - No Street Light,Rainy,Minor Injury,Y-Junction,data.gov.in - Ministry of Road Transport & Highways
1243,2019,Chandigarh,Chandigarh,National Highway,Pedestrian,11438,17698,889,Bad Road Condition,15:00-18:00,Under Repair,Dark - Street Light On,Misty,No Injury,Y-Junction,data.gov.in - Ministry of Road Transport & Highways
1244,2023,Arunachal Pradesh,Arunachal Pradesh,National Highway,Bus,5022,6069,1432,Tyre Burst,15:00-18:00,Potholed,Dark - Street Light On,Misty,Minor Injury,Four-Arm Junction,data.gov.in - Ministry of Road Transport & Highways
1245,2019,Jammu & Kashmir,Jammu,National Highway,Two-Wheeler,8058,7875,1759,Fatigue/Sleep,12:00-15:00,Under Repair,Dark - No Street Light,Foggy,Fatal,No Junction,data.gov.in - Ministry of Road Transport & Highways
1246,2023,Jammu & Kashmir,Srinagar,National Highway,Bus,7897,8600,484,Wrong Side Driving,15:00-18:00,Under Repair,Daylight,Rainy,No Injury,T-Junction,data.gov.in - Ministry of Road Transport & Highways
1247,2022,West Bengal,Howrah,National Highway,Two-Wheeler,4854,10755,971,Tyre Burst,06:00-09:00,Flooded,Dusk/Dawn,Foggy,Fatal,T-Junction,data.gov.in - Ministry of Road Transport & Highways
1248,2023,Ladakh,Ladakh,Other Roads,Truck/Lorry,733,681,135,Tyre Burst,09:00-12:00,Potholed,Daylight,Cloudy,Minor Injury,No Junction,data.gov.in - Ministry of Road Transport & Highways
1249,2021,Andhra Pradesh,Tirupati,Expressway,Two-Wheeler,1743,3588,478,Fatigue/Sleep,15:00-18:00,Flooded,Dusk/Dawn,Cloudy,Fatal,Four-Arm Junction,data.gov.in - Ministry of Road Transport & Highways
1250,2023,Tripura,Tripura,City Roads,Car/Jeep/Taxi,11367,24053,2260,Drunk Driving,06:00-09:00,Under Repair,Daylight,Rainy,Fatal,Four-Arm Junction,data.gov.in - Ministry of Road Transport & Highways
1251,2021,Chandigarh,Chandigarh,Expressway,Car/Jeep/Taxi,2536,2963,847,Improper Lane Changing,21:00-24:00,Wet,Dusk/Dawn,Cloudy,Minor Injury,Four-Arm Junction,data.gov.in - Ministry of Road Transport & Highways
1252,2020,Puducherry,Puducherry,Expressway,Others,1197,2046,62,Fatigue/Sleep,09:00-12:00,Under Repair,Dark - No Street Light,Cloudy,Grievous Injury,Roundabout,data.gov.in - Ministry of Road Transport & Highways
1253,2022,Tamil Nadu,Madurai,Other Roads,Auto-Rickshaw,1084,1795,272,Wrong Side Driving,18:00-21:00,Potholed,Dusk/Dawn,Clear,Minor Injury,Y-Junction,data.gov.in - Ministry of Road Transport & Highways
1254,2022,Chandigarh,Chandigarh,National Highway,Others,1614,1376,386,Bad Road Condition,21:00-24:00,Wet,Dark - Street Light On,Foggy,Minor Injury,Y-Junction,data.gov.in - Ministry of Road Transport & Highways
1255,2020,Nagaland,Nagaland,City Roads,Car/Jeep/Taxi,4456,6774,817,Poor Weather Visibility,18:00-21:00,Wet,Dusk/Dawn,Clear,Grievous Injury,Y-Junction,data.gov.in - Ministry of Road Transport & Highways
1256,2019,Maharashtra,Mumbai,Other Roads,Others,8153,18678,1316,Improper Lane Changing,06:00-09:00,Potholed,Dark - Street Light On,Rainy,Fatal,Four-Arm Junction,data.gov.in - Ministry of Road Transport & Highways
1257,2019,Mizoram,Mizoram,Other Roads,Truck/Lorry,6504,10046,1610,Drunk Driving,00:00-06:00,Wet,Dark - No Street Light,Cloudy,Fatal,Y-Junction,data.gov.in - Ministry of Road Transport & Highways
1258,2019,Telangana,Hyderabad,Expressway,Bicycle,8080,13778,2395,Poor Weather Visibility,00:00-06:00,Potholed,Dark - No Street Light,Misty,Grievous Injury,T-Junction,data.gov.in - Ministry of Road Transport & Highways
1259,2020,Karnataka,Hubli,National Highway,Truck/Lorry,3726,7410,398,Vehicle Defect,15:00-18:00,Potholed,Dusk/Dawn,Clear,Minor Injury,Four-Arm Junction,data.gov.in - Ministry of Road Transport & Highways
1260,2023,Tamil Nadu,Salem,National Highway,Auto-Rickshaw,11766,23990,931,Tyre Burst,21:00-24:00,Potholed,Daylight,Foggy,Fatal,No Junction,data.gov.in - Ministry of Road Transport & Highways
1261,2022,Uttar Pradesh,Allahabad,Other Roads,Pedestrian,11345,21908,3309,Vehicle Defect,00:00-06:00,Dry,Dark - No Street Light,Foggy,Fatal,Roundabout,data.gov.in - Ministry of Road Transport & Highways
1262,2023,Uttarakhand,Uttarakhand,City Roads,Bus,6331,13255,2044,Tyre Burst,12:00-15:00,Flooded,Dark - Street Light On,Rainy,Grievous Injury,Y-Junction,data.gov.in - Ministry of Road Transport & Highways
1263,2019,Daman & Diu,Daman & Diu,State Highway,Two-Wheeler,7449,12641,1920,Poor Weather Visibility,00:00-06:00,Flooded,Dark - Street Light On,Clear,No Injury,T-Junction,data.gov.in - Ministry of Road Transport & Highways
1264,2023,Ladakh,Ladakh,National Highway,Truck/Lorry,1261,1442,340,Wrong Side Driving,09:00-12:00,Flooded,Daylight,Foggy,Minor Injury,T-Junction,data.gov.in - Ministry of Road Transport & Highways
1265,2022,Himachal Pradesh,Himachal Pradesh,Other Roads,Two-Wheeler,2168,2189,640,Poor Weather Visibility,18:00-21:00,Potholed,Dark - Street Light On,Misty,Fatal,T-Junction,data.gov.in - Ministry of Road Transport & Highways
1266,2021,Andhra Pradesh,Tirupati,City Roads,Others,4794,7289,1120,Over Speeding,15:00-18:00,Wet,Dark - Street Light On,Foggy,Minor Injury,Four-Arm Junction,data.gov.in - Ministry of Road Transport & Highways
1267,2023,Puducherry,Puducherry,State Highway,Bicycle,4766,5309,1371,Bad Road Condition,15:00-18:00,Under Repair,Dark - No Street Light,Foggy,Grievous Injury,Y-Junction,data.gov.in - Ministry of Road Transport & Highways
1268,2021,Nagaland,Nagaland,City Roads,Two-Wheeler,5194,4194,697,Use of Mobile Phone,15:00-18:00,Dry,Dusk/Dawn,Foggy,No Injury,T-Junction,data.gov.in - Ministry of Road Transport & Highways
1269,2019,Jammu & Kashmir,Jammu,National Highway,Pedestrian,10196,19744,3207,Poor Weather Visibility,18:00-21:00,Potholed,Dark - Street Light On,Rainy,Minor Injury,Roundabout,data.gov.in - Ministry of Road Transport & Highways