SNo,Year,State_UT,City,Road_Classification,Mode_of_Transport,Total_Accidents,Persons_Injured,Persons_Killed,Accident_Cause,Time_of_Accident,Road_Condition,Light_Condition,Weather_Condition,Injury_Severity,Junction_Type,Source
1270,2019,West Bengal,Asansol,National Highway,Bicycle,7284,6377,813,Jumping Red Light,18:00-21:00,Flooded,Daylight,Foggy,Fatal,No Junction,data.gov.in - Ministry of Road Transport & Highways
1271,2023,Tamil Nadu,Coimbatore,Expressway,Auto-Rickshaw,299,672,88,Poor Weather Visibility,21:00-24:00,Flooded,Dusk/Dawn,Foggy,Fatal,T-Junction,data.gov.in - Ministry of Road Transport & Highways
1272,2021,Odisha,Cuttack,National Highway,Truck/Lorry,11128,25425,3728,Fatigue/Sleep,15:00-18:00,Dry,Dusk/Dawn,Clear,Grievous Injury,No Junction,data.gov.in - Ministry of Road Transport & Highways
1273,2023,Manipur,Manipur,National Highway,Truck/Lorry,9535,11947,2929,Over Speeding,09:00-12:00,Under Repair,Dark - No Street Light,Misty,Minor Injury,No Junction,data.gov.in - Ministry of Road Transport & Highways
1274,2021,Gujarat,Rajkot,City Roads,Car/Jeep/Taxi,5642,14041,1161,Fatigue/Sleep,21:00-24:00,Flooded,Dusk/Dawn,Foggy,Minor Injury,No Junction,data.gov.in - Ministry of Road Transport & Highways
1275,2019,Odisha,Rourkela,National Highway,Pedestrian,9490,17204,2052,Improper Lane Changing,00:00-06:00,Flooded,Dark - No Street Light,Cloudy,No Injury,Y-Junction,data.gov.in - Ministry of Road Transport & Highways
1276,2022,Himachal Pradesh,Himachal Pradesh,Other Roads,Truck/Lorry,5535,13665,1315,Poor Weather Visibility,18:00-21:00,Flooded,Dusk/Dawn,Rainy,Grievous Injury,No Junction,data.gov.in - Ministry of Road Transport & Highways
1277,2019,Karnataka,Mangaluru,Expressway,Car/Jeep/Taxi,7901,8611,2363,Fatigue/Sleep,06:00-09:00,Potholed,Dusk/Dawn,Misty,Minor Injury,Y-Junction,data.gov.in - Ministry of Road Transport & Highways
1278,2020,Manipur,Manipur,State Highway,Two-Wheeler,7374,6073,924,Use of Mobile Phone,18:00-21:00,Dry,Daylight,Misty,Fatal,Four-Arm Junction,data.gov.in - Ministry of Road Transport & Highways
1279,2019,Kerala,Thrissur,State Highway,Auto-Rickshaw,4591,7190,1016,Fatigue/Sleep,18:00-21:00,Wet,Daylight,Foggy,Grievous Injury,No Junction,data.gov.in - Ministry of Road Transport & Highways
1280,2023,Nagaland,Nagaland,City Roads,Others,3597,3032,1056,Vehicle Defect,21:00-24:00,Dry,Daylight,Misty,Grievous Injury,Four-Arm Junction,data.gov.in - Ministry of Road Transport & Highways
1281,2022,Bihar,Gaya,Other Roads,Two-Wheeler,756,1476,73,Over Speeding,09:00-12:00,Potholed,Dark - No Street Light,Foggy,No Injury,Y-Junction,data.gov.in - Ministry of Road Transport & Highways
1282,2023,Puducherry,Puducherry,Expressway,Bicycle,8733,20191,1434,Bad Road Condition,09:00-12:00,Flooded,Daylight,Clear,Grievous Injury,Y-Junction,data.gov.in - Ministry of Road Transport & Highways
1283,2021,Mizoram,Mizoram,City Roads,Auto-Rickshaw,927,1447,229,Over Speeding,09:00-12:00,Under Repair,Daylight,Rainy,Fatal,No Junction,data.gov.in - Ministry of Road Transport & Highways
1284,2020,Uttar Pradesh,Kanpur,National Highway,Truck/Lorry,967,1340,239,Wrong Side Driving,21:00-24:00,Flooded,Daylight,Rainy,Fatal,No Junction,data.gov.in - Ministry of Road Transport & Highways
1285,2020,Sikkim,Sikkim,Other Roads,Others,9944,13364,2410,Poor Weather Visibility,18:00-21:00,Potholed,Dark - Street Light On,Clear,No Injury,Y-Junction,data.gov.in - Ministry of Road Transport & Highways
1286,2023,Ladakh,Ladakh,Other Roads,Car/Jeep/Taxi,9252,12335,2813,Improper Lane Changing,12:00-15:00,Dry,Daylight,Cloudy,Grievous Injury,Y-Junction,data.gov.in - Ministry of Road Transport & Highways
1287,2021,Kerala,Kozhikode,Expressway,Truck/Lorry,1686,2378,503,Vehicle Defect,21:00-24:00,Wet,Dusk/Dawn,Foggy,Grievous Injury,No Junction,data.gov.in - Ministry of Road Transport & Highways
1288,2020,Haryana,Faridabad,Other Roads,Auto-Rickshaw,11342,19138,2136,Poor Weather Visibility,00:00-06:00,Dry,Daylight,Misty,No Injury,Roundabout,data.gov.in - Ministry of Road Transport & Highways
1289,2020,Maharashtra,Pune,State Highway,Two-Wheeler,3800,6194,799,Use of Mobile Phone,06:00-09:00,Dry,Dusk/Dawn,Cloudy,Fatal,T-Junction,data.gov.in - Ministry of Road Transport & Highways
1290,2022,Maharashtra,Pune,National Highway,Bicycle,2888,2709,478,Tyre Burst,00:00-06:00,Dry,Dark - No Street Light,Rainy,Fatal,No Junction,data.gov.in - Ministry of Road Transport & Highways
1291,2019,Uttar Pradesh,Allahabad,City Roads,Bus,10492,8763,3604,Use of Mobile Phone,18:00-21:00,Wet,Dark - Street Light On,Cloudy,Fatal,Y-Junction,data.gov.in - Ministry of Road Transport & Highways
1292,2021,Andhra Pradesh,Visakhapatnam,National Highway,Auto-Rickshaw,10981,13857,1017,Wrong Side Driving,09:00-12:00,Wet,Dark - No Street Light,Foggy,Grievous Injury,No Junction,data.gov.in - Ministry of Road Transport & Highways
1293,2020,Kerala,Kochi,National Highway,Auto-Rickshaw,3660,8742,787,Over Speeding,06:00-09:00,Under Repair,Dusk/Dawn,Rainy,No Injury,Y-Junction,data.gov.in - Ministry of Road Transport & Highways
1294,2020,Dadra & Nagar Haveli,Dadra & Nagar Haveli,Other Roads,Auto-Rickshaw,4160,6537,1132,Bad Road Condition,06:00-09:00,Under Repair,Dark - No Street Light,Foggy,Minor Injury,Y-Junction,data.gov.in - Ministry of Road Transport & Highways
1295,2023,Karnataka,Bengaluru,Other Roads,Auto-Rickshaw,3468,7104,1138,Use of Mobile Phone,00:00-06:00,Under Repair,Dark - No Street Light,Clear,Grievous Injury,T-Junction,data.gov.in - Ministry of Road Transport & Highways
1296,2022,Puducherry,Puducherry,City Roads,Bus,10617,15689,3698,Wrong Side Driving,00:00-06:00,Flooded,Dark - No Street Light,Rainy,Fatal,No Junction,data.gov.in - Ministry of Road Transport & Highways
1297,2019,Chhattisgarh,Raipur,City Roads,Auto-Rickshaw,10462,12510,837,Bad Road Condition,18:00-21:00,Flooded,Daylight,Rainy,Fatal,No Junction,data.gov.in - Ministry of Road Transport & Highways
1298,2021,Bihar,Patna,Expressway,Car/Jeep/Taxi,1530,2920,467,Over Speeding,09:00-12:00,Flooded,Daylight,Rainy,No Injury,Y-Junction,data.gov.in - Ministry of Road Transport & Highways
1299,2019,Goa,Goa,Other Roads,Car/Jeep/Taxi,778,1908,258,Wrong Side Driving,12:00-15:00,Potholed,Dark - Street Light On,Cloudy,No Injury,Y-Junction,data.gov.in - Ministry of Road Transport & Highways
1300,2021,Nagaland,Nagaland,City Roads,Car/Jeep/Taxi,8705,12225,1875,Poor Weather Visibility,15:00-18:00,Flooded,Dark - No Street Light,Clear,No Injury,Y-Junction,data.gov.in - Ministry of Road Transport & Highways
1301,2020,Arunachal Pradesh,Arunachal Pradesh,State Highway,Car/Jeep/Taxi,9690,23230,3086,Use of Mobile Phone,00:00-06:00,Under Repair,Dusk/Dawn,Rainy,Fatal,T-Junction,data.gov.in - Ministry of Road Transport & Highways
1302,2023,Haryana,Faridabad,Expressway,Auto-Rickshaw,3560,5142,227,Vehicle Defect,00:00-06:00,Dry,Dark - No Street Light,Clear,Grievous Injury,Y-Junction,data.gov.in - Ministry of Road Transport & Highways
1303,2021,Madhya Pradesh,Bhopal,City Roads,Bicycle,9408,10098,1788,Improper Lane Changing,21:00-24:00,Potholed,Daylight,Clear,Grievous Injury,T-Junction,data.gov.in - Ministry of Road Transport & Highways
1304,2021,Punjab,Ludhiana,National Highway,Pedestrian,11633,18096,3599,Poor Weather Visibility,06:00-09:00,Under Repair,Dusk/Dawn,Rainy,Minor Injury,Roundabout,data.gov.in - Ministry of Road Transport & Highways
1305,2023,Bihar,Patna,City Roads,Bus,7381,15866,1557,Bad Road Condition,06:00-09:00,Wet,Dark - Street Light On,Cloudy,Fatal,T-Junction,data.gov.in - Ministry of Road Transport & Highways
1306,2021,Nagaland,Nagaland,Other Roads,Truck/Lorry,3230,8062,186,Vehicle Defect,00:00-06:00,Wet,Dark - Street Light On,Cloudy,Minor Injury,Y-Junction,data.gov.in - Ministry of Road Transport & Highways
1307,2022,Karnataka,Mangaluru,Expressway,Car/Jeep/Taxi,11949,20924,650,Use of Mobile Phone,06:00-09:00,Wet,Dark - No Street Light,Clear,Fatal,Four-Arm Junction,data.gov.in - Ministry of Road Transport & Highways
1308,2023,Jharkhand,Jharkhand,Other Roads,Two-Wheeler,730,937,37,Wrong Side Driving,18:00-21:00,Under Repair,Dark - Street Light On,Foggy,Minor Injury,Four-Arm Junction,data.gov.in - Ministry of Road Transport & Highways
1309,2021,Mizoram,Mizoram,Expressway,Auto-Rickshaw,8654,10740,1263,Vehicle Defect,09:00-12:00,Flooded,Dark - No Street Light,Cloudy,Fatal,Y-Junction,data.gov.in - Ministry of Road Transport & Highways
1310,2019,Daman & Diu,Daman & Diu,Other Roads,Pedestrian,254,353,29,Poor Weather Visibility,00:00-06:00,Dry,Dark - No Street Light,Cloudy,No Injury,No Junction,data.gov.in - Ministry of Road Transport & Highways
1311,2022,Haryana,Faridabad,City Roads,Auto-Rickshaw,8890,16700,2541,Over Speeding,15:00-18:00,Dry,Daylight,Cloudy,Fatal,T-Junction,data.gov.in - Ministry of Road Transport & Highways
1312,2021,Daman & Diu,Daman & Diu,Other Roads,Others,2030,1766,139,Use of Mobile Phone,09:00-12:00,Potholed,Daylight,Misty,Minor Injury,Four-Arm Junction,data.gov.in - Ministry of Road Transport & Highways
1313,2019,Uttar Pradesh,Lucknow,City Roads,Pedestrian,9504,16005,1453,Fatigue/Sleep,00:00-06:00,Flooded,Dark - No Street Light,Misty,Minor Injury,Four-Arm Junction,data.gov.in - Ministry of Road Transport & Highways
1314,2020,Odisha,Cuttack,City Roads,Pedestrian,9346,14647,2774,Over Speeding,06:00-09:00,Potholed,Dark - No Street Light,Cloudy,Fatal,Y-Junction,data.gov.in - Ministry of Road Transport & Highways
1315,2019,Ladakh,Ladakh,City Roads,Two-Wheeler,4282,5080,286,Wrong Side Driving,15:00-18:00,Dry,Daylight,Rainy,No Injury,T-Junction,data.gov.in - Ministry of Road Transport & Highways
1316,2019,Karnataka,Mysuru,National Highway,Pedestrian,8810,15248,665,Use of Mobile Phone,18:00-21:00,Under Repair,Dusk/Dawn,Cloudy,Grievous Injury,Y-Junction,data.gov.in - Ministry of Road Transport & Highways
1317,2020,Punjab,Ludhiana,National Highway,Truck/Lorry,3247,7900,387,Over Speeding,12:00-15:00,Flooded,Dark - No Street Light,Misty,No Injury,Four-Arm Junction,data.gov.in - Ministry of Road Transport & Highways
1318,2019,Telangana,Hyderabad,Other Roads,Bicycle,357,786,28,Improper Lane Changing,00:00-06:00,Potholed,Dark - No Street Light,Rainy,Fatal,Y-Junction,data.gov.in - Ministry of Road Transport & Highways
1319,2020,Uttar Pradesh,Lucknow,Expressway,Bicycle,9320,18787,611,Use of Mobile Phone,06:00-09:00,Under Repair,Dark - Street Light On,Clear,Grievous Injury,Four-Arm Junction,data.gov.in - Ministry of Road Transport & Highways
1320,2020,Tripura,Tripura,City Roads,Bus,1570,3048,101,Fatigue/Sleep,06:00-09:00,Wet,Dusk/Dawn,Foggy,Grievous Injury,Roundabout,data.gov.in - Ministry of Road Transport & Highways
1321,2023,Maharashtra,Nashik,City Roads,Truck/Lorry,1424,2134,489,Use of Mobile Phone,09:00-12:00,Dry,Dusk/Dawn,Foggy,Grievous Injury,T-Junction,data.gov.in - Ministry of Road Transport & Highways
1322,2020,Punjab,Amritsar,Other Roads,Bus,6875,6507,1530,Wrong Side Driving,06:00-09:00,Dry,Dusk/Dawn,Foggy,Fatal,No Junction,data.gov.in - Ministry of Road Transport & Highways
1323,2019,West Bengal,Asansol,National Highway,Two-Wheeler,10767,10019,1346,Vehicle Defect,06:00-09:00,Flooded,Dark - Street Light On,Rainy,No Injury,Four-Arm Junction,data.gov.in - Ministry of Road Transport & Highways
1324,2021,Daman & Diu,Daman & Diu,National Highway,Two-Wheeler,3021,2484,779,Vehicle Defect,09:00-12:00,Dry,Dark - Street Light On,Foggy,Fatal,T-Junction,data.gov.in - Ministry of Road Transport & Highways
1325,2020,Kerala,Kozhikode,Expressway,Auto-Rickshaw,7265,16645,2179,Improper Lane Changing,15:00-18:00,Potholed,Dark - No Street Light,Misty,Minor Injury,T-Junction,data.gov.in - Ministry of Road Transport & Highways
1326,2020,Andaman & Nicobar Islands,Andaman & Nicobar Islands,Expressway,Bicycle,10238,18637,1481,Jumping Red Light,00:00-06:00,Flooded,Daylight,Clear,Minor Injury,No Junction,data.gov.in - Ministry of Road Transport & Highways
1327,2020,Kerala,Kochi,City Roads,Two-Wheeler,1329,3064,205,Drunk Driving,06:00-09:00,Potholed,Dusk/Dawn,Clear,Minor Injury,No Junction,data.gov.in - Ministry of Road Transport & Highways
1328,2023,Gujarat,Ahmedabad,Other Roads,Bus,9176,19425,780,Improper Lane Changing,15:00-18:00,Flooded,Dark - No Street Light,Cloudy,Minor Injury,Roundabout,data.gov.in - Ministry of Road Transport & Highways
1329,2019,Telangana,Hyderabad,Other Roads,Two-Wheeler,2679,6174,790,Wrong Side Driving,15:00-18:00,Wet,Daylight,Rainy,Fatal,Roundabout,data.gov.in - Ministry of Road Transport & Highways
1330,2021,Puducherry,Puducherry,City Roads,Two-Wheeler,8052,9938,1912,Poor Weather Visibility,15:00-18:00,Potholed,Daylight,Misty,No Injury,Four-Arm Junction,data.gov.in - Ministry of Road Transport & Highways
1331,2023,Jammu & Kashmir,Jammu,National Highway,Truck/Lorry,5992,6449,864,Fatigue/Sleep,12:00-15:00,Dry,Daylight,Clear,Grievous Injury,Roundabout,data.gov.in - Ministry of Road Transport & Highways
1332,2019,Jammu & Kashmir,Jammu,City Roads,Others,8018,10253,601,Tyre Burst,18:00-21:00,Dry,Dark - Street Light On,Misty,Fatal,T-Junction,data.gov.in - Ministry of Road Transport & Highways
1333,2021,Bihar,Patna,State Highway,Others,1438,1604,175,Jumping Red Light,00:00-06:00,Dry,Dusk/Dawn,Clear,Grievous Injury,No Junction,data.gov.in - Ministry of Road Transport & Highways
1334,2022,Meghalaya,Meghalaya,Other Roads,Truck/Lorry,1016,1605,120,Fatigue/Sleep,15:00-18:00,Flooded,Daylight,Foggy,Fatal,Four-Arm Junction,data.gov.in - Ministry of Road Transport & Highways
1335,2021,Sikkim,Sikkim,City Roads,Pedestrian,2025,1795,358,Over Speeding,12:00-15:00,Potholed,Dark - No Street Light,Rainy,No Injury,No Junction,data.gov.in - Ministry of Road Transport & Highways
1336,2021,Uttar Pradesh,Lucknow,City Roads,Two-Wheeler,991,1855,242,Fatigue/Sleep,21:00-24:00,Flooded,Daylight,Cloudy,Grievous Injury,Y-Junction,data.gov.in - Ministry of Road Transport & Highways
1337,2021,Jammu & Kashmir,Jammu,National Highway,Bicycle,11127,19772,3801,Wrong Side Driving,12:00-15:00,Wet,Dark - Street Light On,Rainy,Minor Injury,T-Junction,data.gov.in - Ministry of Road Transport & Highways
1338,2019,Puducherry,Puducherry,State Highway,Bicycle,2637,2518,717,Improper Lane Changing,21:00-24:00,Flooded,Daylight,Clear,Grievous Injury,Roundabout,data.gov.in - Ministry of Road Transport & Highways
1339,2019,Sikkim,Sikkim,Other Roads,Truck/Lorry,4812,4550,420,Drunk Driving,09:00-12:00,Dry,Dusk/Dawn,Cloudy,No Injury,T-Junction,data.gov.in - Ministry of Road Transport & Highways
1340,2020,Assam,Guwahati,Expressway,Pedestrian,11884,27850,3862,Fatigue/Sleep,18:00-21:00,Wet,Dark - No Street Light,Foggy,Minor Injury,Y-Junction,data.gov.in - Ministry of Road Transport & Highways
1341,2019,Dadra & Nagar Haveli,Dadra & Nagar Haveli,City Roads,Pedestrian,3532,6533,642,Improper Lane Changing,00:00-06:00,Dry,Dusk/Dawn,Rainy,Minor Injury,Roundabout,data.gov.in - Ministry of Road Transport & Highways
1342,2019,Chhattisgarh,Durg,National Highway,Car/Jeep/Taxi,10838,14117,1991,Poor Weather Visibility,06:00-09:00,Flooded,Dark - Street Light On,Cloudy,Fatal,Four-Arm Junction,data.gov.in - Ministry of Road Transport & Highways
1343,2019,Telangana,Karimnagar,State Highway,Auto-Rickshaw,10265,22450,3050,Use of Mobile Phone,18:00-21:00,Under Repair,Dusk/Dawn,Foggy,Fatal,No Junction,data.gov.in - Ministry of Road Transport & Highways
1344,2019,Himachal Pradesh,Himachal Pradesh,Expressway,Pedestrian,588,1053,204,Use of Mobile Phone,09:00-12:00,Wet,Dark - No Street Light,Foggy,Minor Injury,Y-Junction,data.gov.in - Ministry of Road Transport & Highways
1345,2019,Puducherry,Puducherry,Expressway,Pedestrian,11110,23133,2389,Poor Weather Visibility,15:00-18:00,Flooded,Dark - Street Light On,Misty,No Injury,Four-Arm Junction,data.gov.in - Ministry of Road Transport & Highways
1346,2022,Chhattisgarh,Raipur,Expressway,Bus,11818,25253,1288,Bad Road Condition,06:00-09:00,Wet,Dusk/Dawn,Foggy,Fatal,Roundabout,data.gov.in - Ministry of Road Transport & Highways
1347,2022,Delhi,North Delhi,City Roads,Bicycle,11758,28481,1717,Vehicle Defect,09:00-12:00,Potholed,Dusk/Dawn,Cloudy,No Injury,Four-Arm Junction,data.gov.in - Ministry of Road Transport & Highways
1348,2023,Himachal Pradesh,Himachal Pradesh,Expressway,Car/Jeep/Taxi,9321,23108,2212,Vehicle Defect,09:00-12:00,Under Repair,Dusk/Dawn,Rainy,Grievous Injury,No Junction,data.gov.in - Ministry of Road Transport & Highways
1349,2020,Arunachal Pradesh,Arunachal Pradesh,Other Roads,Auto-Rickshaw,9618,15124,1355,Use of Mobile Phone,12:00-15:00,Wet,Dark - Street Light On,Cloudy,No Injury,Four-Arm Junction,data.gov.in - Ministry of Road Transport & Highways
1350,2019,Himachal Pradesh,Himachal Pradesh,Other Roads,Bus,11950,18026,2911,Use of Mobile Phone,12:00-15:00,Wet,Dark - No Street Light,Cloudy,Minor Injury,T-Junction,data.gov.in - Ministry of Road Transport & Highways
1351,2019,Telangana,Warangal,Other Roads,Car/Jeep/Taxi,7465,17509,2546,Drunk Driving,18:00-21:00,Potholed,Dusk/Dawn,Clear,Fatal,Roundabout,data.gov.in - Ministry of Road Transport & Highways
1352,2022,West Bengal,Durgapur,Expressway,Pedestrian,9048,21132,2121,Use of Mobile Phone,21:00-24:00,Potholed,Daylight,Cloudy,No Injury,Roundabout,data.gov.in - Ministry of Road Transport & Highways
1353,2022,Meghalaya,Meghalaya,State Highway,Two-Wheeler,4086,5391,1376,Use of Mobile Phone,06:00-09:00,Under Repair,Dark - No Street Light,Cloudy,Grievous Injury,Y-Junction,data.gov.in - Ministry of Road Transport & Highways
1354,2022,Ladakh,Ladakh,Other Roads,Two-Wheeler,1328,1397,178,Poor Weather Visibility,00:00-06:00,Under Repair,Dusk/Dawn,Cloudy,Fatal,Roundabout,data.gov.in - Ministry of Road Transport & Highways
1355,2022,Uttar Pradesh,Allahabad,Other Roads,Auto-Rickshaw,7432,14461,1876,Vehicle Defect,21:00-24:00,Flooded,Dark - No Street Light,Foggy,No Injury,Four-Arm Junction,data.gov.in - Ministry of Road Transport & Highways
1356,2022,Chandigarh,Chandigarh,City Roads,Car/Jeep/Taxi,6576,15254,364,Poor Weather Visibility,00:00-06:00,Potholed,Dusk/Dawn,Rainy,Grievous Injury,T-Junction,data.gov.in - Ministry of Road Transport & Highways
1357,2021,Tripura,Tripura,Other Roads,Two-Wheeler,11224,11858,2311,Drunk Driving,21:00-24:00,Dry,Daylight,Misty,Minor Injury,T-Junction,data.gov.in - Ministry of Road Transport & Highways
1358,2021,Chandigarh,Chandigarh,National Highway,Auto-Rickshaw,9461,18148,2207,Drunk Driving,12:00-15:00,Flooded,Dark - No Street Light,Clear,Minor Injury,Roundabout,data.gov.in - Ministry of Road Transport & Highways
1359,2022,Puducherry,Puducherry,National Highway,Car/Jeep/Taxi,10543,13805,2081,Bad Road Condition,15:00-18:00,Flooded,Dark - No Street Light,Rainy,Fatal,Roundabout,data.gov.in - Ministry of Road Transport & Highways
1360,2020,Manipur,Manipur,State Highway,Pedestrian,4200,9540,933,Use of Mobile Phone,06:00-09:00,Wet,Dark - Street Light On,Clear,No Injury,Four-Arm Junction,data.gov.in - Ministry of Road Transport & Highways
1361,2021,Manipur,Manipur,City Roads,Bicycle,9981,15746,1256,Tyre Burst,18:00-21:00,Potholed,Dusk/Dawn,Foggy,Fatal,Roundabout,data.gov.in - Ministry of Road Transport & Highways
1362,2021,Chandigarh,Chandigarh,Other Roads,Truck/Lorry,5650,4866,940,Drunk Driving,09:00-12:00,Flooded,Dark - No Street Light,Misty,Fatal,Roundabout,data.gov.in - Ministry of Road Transport & Highways
1363,2020,West Bengal,Howrah,National Highway,Pedestrian,6588,12679,1516,Jumping Red Light,06:00-09:00,Wet,Dusk/Dawn,Rainy,No Injury,No Junction,data.gov.in - Ministry of Road Transport & Highways
1364,2022,Uttarakhand,Uttarakhand,City Roads,Truck/Lorry,9802,17196,2836,Bad Road Condition,21:00-24:00,Flooded,Dusk/Dawn,Foggy,Minor Injury,Y-Junction,data.gov.in - Ministry of Road Transport & Highways
1365,2020,Meghalaya,Meghalaya,State Highway,Auto-Rickshaw,10304,11338,2467,Bad Road Condition,09:00-12:00,Potholed,Daylight,Foggy,No Injury,T-Junction,data.gov.in - Ministry of Road Transport & Highways
1366,2021,Jharkhand,Jharkhand,Other Roads,Truck/Lorry,5107,7455,938,Drunk Driving,09:00-12:00,Under Repair,Dark - No Street Light,Misty,Grievous Injury,No Junction,data.gov.in - Ministry of Road Transport & Highways
1367,2021,Nagaland,Nagaland,Expressway,Pedestrian,5160,8504,1147,Wrong Side Driving,21:00-24:00,Potholed,Dusk/Dawn,Cloudy,No Injury,Roundabout,data.gov.in - Ministry of Road Transport & Highways
1368,2023,Madhya Pradesh,Jabalpur,City Roads,Others,881,2135,294,Poor Weather Visibility,12:00-15:00,Flooded,Daylight,Foggy,Grievous Injury,Four-Arm Junction,data.gov.in - Ministry of Road Transport & Highways
1369,2021,Nagaland,Nagaland,National Highway,Pedestrian,9886,9210,2668,Poor Weather Visibility,18:00-21:00,Flooded,Dark - No Street Light,Rainy,Grievous Injury,Roundabout,data.gov.in - Ministry of Road Transport & Highways
1370,2021,Telangana,Warangal,National Highway,Truck/Lorry,8364,8468,849,Poor Weather Visibility,15:00-18:00,Flooded,Dark - Street Light On,Cloudy,Grievous Injury,Y-Junction,data.gov.in - Ministry of Road Transport & Highways
1371,2019,Jharkhand,Jharkhand,National Highway,Truck/Lorry,800,1578,140,Poor Weather Visibility,00:00-06:00,Potholed,Dark - Street Light On,Cloudy,Grievous Injury,Y-Junction,data.gov.in - Ministry of Road Transport & Highways
1372,2021,Manipur,Manipur,Expressway,Car/Jeep/Taxi,5762,8722,1884,Tyre Burst,00:00-06:00,Under Repair,Dark - Street Light On,Clear,No Injury,Roundabout,data.gov.in - Ministry of Road Transport & Highways
1373,2021,Goa,Goa,City Roads,Others,6150,10763,1017,Wrong Side Driving,21:00-24:00,Dry,Dark - Street Light On,Misty,Fatal,Y-Junction,data.gov.in - Ministry of Road Transport & Highways
1374,2020,Manipur,Manipur,City Roads,Two-Wheeler,8385,17387,1521,Wrong Side Driving,15:00-18:00,Dry,Daylight,Misty,Fatal,Roundabout,data.gov.in - Ministry of Road Transport & Highways
1375,2020,Ladakh,Ladakh,Expressway,Two-Wheeler,5488,8650,682,Vehicle Defect,00:00-06:00,Wet,Dusk/Dawn,Clear,No Injury,Y-Junction,data.gov.in - Ministry of Road Transport & Highways
1376,2020,Delhi,North Delhi,National Highway,Truck/Lorry,3948,7609,1167,Wrong Side Driving,09:00-12:00,Potholed,Dark - No Street Light,Rainy,Grievous Injury,Four-Arm Junction,data.gov.in - Ministry of Road Transport & Highways
1377,2020,Karnataka,Bengaluru,National Highway,Bicycle,6384,11696,1828,Drunk Driving,21:00-24:00,Potholed,Dusk/Dawn,Rainy,No Injury,T-Junction,data.gov.in - Ministry of Road Transport & Highways
1378,2021,Uttarakhand,Uttarakhand,State Highway,Others,1428,3230,319,Drunk Driving,00:00-06:00,Flooded,Dark - No Street Light,Clear,No Injury,Y-Junction,data.gov.in - Ministry of Road Transport & Highways
1379,2019,Delhi,Central Delhi,National Highway,Car/Jeep/Taxi,8877,18312,1653,Drunk Driving,21:00-24:00,Under Repair,Dark - Street Light On,Clear,No Injury,Four-Arm Junction,data.gov.in - Ministry of Road Transport & Highways
1380,2020,Tripura,Tripura,State Highway,Auto-Rickshaw,5695,11013,1696,Bad Road Condition,06:00-09:00,Under Repair,Dark - No Street Light,Rainy,Grievous Injury,No Junction,data.gov.in - Ministry of Road Transport & Highways
1381,2019,Sikkim,Sikkim,City Roads,Others,11123,23751,3420,Poor Weather Visibility,12:00-15:00,Wet,Daylight,Clear,Minor Injury,Roundabout,data.gov.in - Ministry of Road Transport & Highways
1382,2019,Meghalaya,Meghalaya,State Highway,Bicycle,9409,21895,1649,Over Speeding,00:00-06:00,Flooded,Daylight,Cloudy,No Injury,Roundabout,data.gov.in - Ministry of Road Transport & Highways
1383,2020,Maharashtra,Aurangabad,Other Roads,Car/Jeep/Taxi,8714,20391,2612,Wrong Side Driving,18:00-21:00,Under Repair,Dusk/Dawn,Clear,Fatal,No Junction,data.gov.in - Ministry of Road Transport & Highways
1384,2020,Puducherry,Puducherry,Other Roads,Others,6790,15216,1224,Over Speeding,21:00-24:00,Wet,Dusk/Dawn,Rainy,Fatal,No Junction,data.gov.in - Ministry of Road Transport & Highways