SNo,Year,State_UT,City,Road_Classification,Mode_of_Transport,Total_Accidents,Persons_Injured,Persons_Killed,Accident_Cause,Time_of_Accident,Road_Condition,Light_Condition,Weather_Condition,Injury_Severity,Junction_Type,Source
1385,2020,Punjab,Ludhiana,City Roads,Pedestrian,7878,16030,2659,Over Speeding,21:00-24:00,Potholed,Dusk/Dawn,Rainy,Fatal,Roundabout,data.gov.in - Ministry of Road Transport & Highways
1386,2023,Telangana,Karimnagar,Other Roads,Others,1353,3150,110,Poor Weather Visibility,00:00-06:00,Flooded,Dark - No Street Light,Rainy,Minor Injury,T-Junction,data.gov.in - Ministry of Road Transport & Highways
1387,2022,Kerala,Thrissur,State Highway,Bicycle,333,380,41,Tyre Burst,12:00-15:00,Flooded,Dusk/Dawn,Clear,No Injury,Roundabout,data.gov.in - Ministry of Road Transport & Highways
1388,2019,Uttar Pradesh,Agra,National Highway,Others,167,224,8,Bad Road Condition,06:00-09:00,Flooded,Dark - Street Light On,Rainy,Fatal,Roundabout,data.gov.in - Ministry of Road Transport & Highways
1389,2021,Rajasthan,Kota,State Highway,Others,10259,13425,2807,Bad Road Condition,12:00-15:00,Wet,Dusk/Dawn,Rainy,Grievous Injury,Y-Junction,data.gov.in - Ministry of Road Transport & Highways
1390,2021,Puducherry,Puducherry,Other Roads,Others,7417,11723,1276,Poor Weather Visibility,21:00-24:00,Wet,Dark - Street Light On,Clear,Grievous Injury,Roundabout,data.gov.in - Ministry of Road Transport & Highways
1391,2021,Maharashtra,Mumbai,Other Roads,Two-Wheeler,723,692,130,Fatigue/Sleep,21:00-24:00,Potholed,Dusk/Dawn,Rainy,Minor Injury,Roundabout,data.gov.in - Ministry of Road Transport & Highways
1392,2020,Rajasthan,Jaipur,National Highway,Auto-Rickshaw,141,262,31,Over Speeding,21:00-24:00,Wet,Daylight,Misty,Fatal,Y-Junction,data.gov.in - Ministry of Road Transport & Highways
1393,2019,West Bengal,Durgapur,National Highway,Auto-Rickshaw,4931,10878,371,Improper Lane Changing,21:00-24:00,Potholed,Dark - No Street Light,Cloudy,Fatal,Roundabout,data.gov.in - Ministry of Road Transport & Highways
1394,2023,Gujarat,Ahmedabad,Other Roads,Pedestrian,7611,6372,623,Vehicle Defect,09:00-12:00,Under Repair,Daylight,Rainy,Grievous Injury,Four-Arm Junction,data.gov.in - Ministry of Road Transport & Highways
1395,2021,Assam,Dibrugarh,Expressway,Truck/Lorry,6214,15340,1657,Jumping Red Light,00:00-06:00,Potholed,Dark - No Street Light,Cloudy,Grievous Injury,Four-Arm Junction,data.gov.in - Ministry of Road Transport & Highways
1396,2021,Andhra Pradesh,Tirupati,State Highway,Pedestrian,1434,1429,213,Jumping Red Light,21:00-24:00,Under Repair,Dark - Street Light On,Misty,No Injury,Y-Junction,data.gov.in - Ministry of Road Transport & Highways
1397,2019,Odisha,Rourkela,State Highway,Bicycle,7065,7020,833,Vehicle Defect,06:00-09:00,Flooded,Dark - Street Light On,Foggy,Minor Injury,T-Junction,data.gov.in - Ministry of Road Transport & Highways
1398,2021,Dadra & Nagar Haveli,Dadra & Nagar Haveli,Other Roads,Bicycle,4252,4885,1425,Fatigue/Sleep,21:00-24:00,Wet,Daylight,Foggy,Grievous Injury,Roundabout,data.gov.in - Ministry of Road Transport & Highways
1399,2021,Madhya Pradesh,Indore,City Roads,Others,1597,2662,139,Tyre Burst,09:00-12:00,Potholed,Daylight,Cloudy,Fatal,T-Junction,data.gov.in - Ministry of Road Transport & Highways
1400,2020,Daman & Diu,Daman & Diu,City Roads,Auto-Rickshaw,11023,10698,3585,Fatigue/Sleep,15:00-18:00,Wet,Dusk/Dawn,Misty,Minor Injury,No Junction,data.gov.in - Ministry of Road Transport & Highways
1401,2022,Assam,Guwahati,Expressway,Auto-Rickshaw,7258,17893,1881,Bad Road Condition,12:00-15:00,Potholed,Dark - Street Light On,Rainy,Fatal,No Junction,data.gov.in - Ministry of Road Transport & Highways
1402,2022,Tripura,Tripura,State Highway,Two-Wheeler,3465,3461,216,Improper Lane Changing,06:00-09:00,Flooded,Dark - Street Light On,Foggy,No Injury,Y-Junction,data.gov.in - Ministry of Road Transport & Highways
1403,2019,Madhya Pradesh,Gwalior,Other Roads,Car/Jeep/Taxi,5364,8872,623,Over Speeding,18:00-21:00,Flooded,Dark - No Street Light,Misty,Fatal,Y-Junction,data.gov.in - Ministry of Road Transport & Highways
1404,2019,Daman & Diu,Daman & Diu,National Highway,Others,1207,2539,216,Improper Lane Changing,12:00-15:00,Flooded,Dusk/Dawn,Foggy,Fatal,Y-Junction,data.gov.in - Ministry of Road Transport & Highways
1405,2021,Chhattisgarh,Bilaspur,City Roads,Car/Jeep/Taxi,11101,14092,3130,Vehicle Defect,06:00-09:00,Potholed,Daylight,Cloudy,Minor Injury,Roundabout,data.gov.in - Ministry of Road Transport & Highways
1406,2021,Delhi,East Delhi,National Highway,Two-Wheeler,999,1184,170,Tyre Burst,09:00-12:00,Potholed,Daylight,Misty,Minor Injury,Y-Junction,data.gov.in - Ministry of Road Transport & Highways
1407,2020,Gujarat,Ahmedabad,City Roads,Others,1522,2181,520,Vehicle Defect,21:00-24:00,Under Repair,Dark - No Street Light,Clear,Fatal,No Junction,data.gov.in - Ministry of Road Transport & Highways
1408,2022,West Bengal,Howrah,Expressway,Car/Jeep/Taxi,7601,11490,2392,Drunk Driving,15:00-18:00,Dry,Dark - No Street Light,Misty,Minor Injury,Four-Arm Junction,data.gov.in - Ministry of Road Transport & Highways
1409,2019,Uttarakhand,Uttarakhand,Expressway,Auto-Rickshaw,7014,13069,2189,Fatigue/Sleep,00:00-06:00,Wet,Dark - Street Light On,Clear,Fatal,Roundabout,data.gov.in - Ministry of Road Transport & Highways
1410,2021,Lakshadweep,Lakshadweep,City Roads,Pedestrian,3058,6946,545,Use of Mobile Phone,12:00-15:00,Under Repair,Dusk/Dawn,Cloudy,Grievous Injury,No Junction,data.gov.in - Ministry of Road Transport & Highways
1411,2019,Tripura,Tripura,Other Roads,Others,6076,13266,333,Improper Lane Changing,15:00-18:00,Dry,Dark - No Street Light,Cloudy,No Injury,Roundabout,data.gov.in - Ministry of Road Transport & Highways
1412,2020,Delhi,North Delhi,National Highway,Car/Jeep/Taxi,792,781,265,Wrong Side Driving,09:00-12:00,Flooded,Dark - No Street Light,Rainy,Minor Injury,No Junction,data.gov.in - Ministry of Road Transport & Highways
1413,2020,Goa,Goa,Other Roads,Others,2052,1700,326,Poor Weather Visibility,12:00-15:00,Potholed,Dark - No Street Light,Foggy,No Injury,Four-Arm Junction,data.gov.in - Ministry of Road Transport & Highways
1414,2020,Maharashtra,Nagpur,Expressway,Truck/Lorry,7677,13673,1236,Jumping Red Light,15:00-18:00,Flooded,Dark - No Street Light,Misty,Grievous Injury,Y-Junction,data.gov.in - Ministry of Road Transport & Highways
1415,2023,Nagaland,Nagaland,National Highway,Pedestrian,3832,5963,312,Jumping Red Light,12:00-15:00,Potholed,Dusk/Dawn,Misty,No Injury,Y-Junction,data.gov.in - Ministry of Road Transport & Highways
1416,2023,Haryana,Gurgaon,Other Roads,Bus,2654,2622,923,Improper Lane Changing,18:00-21:00,Under Repair,Dusk/Dawn,Rainy,Minor Injury,Four-Arm Junction,data.gov.in - Ministry of Road Transport & Highways
1417,2023,Meghalaya,Meghalaya,Expressway,Car/Jeep/Taxi,7946,14584,2749,Bad Road Condition,00:00-06:00,Under Repair,Daylight,Foggy,Minor Injury,No Junction,data.gov.in - Ministry of Road Transport & Highways
1418,2022,Gujarat,Surat,Other Roads,Truck/Lorry,8579,20446,1481,Drunk Driving,00:00-06:00,Flooded,Dark - No Street Light,Foggy,No Injury,No Junction,data.gov.in - Ministry of Road Transport & Highways
1419,2020,Lakshadweep,Lakshadweep,Other Roads,Others,2554,2107,250,Improper Lane Changing,18:00-21:00,Potholed,Dusk/Dawn,Foggy,No Injury,Y-Junction,data.gov.in - Ministry of Road Transport & Highways
1420,2022,Lakshadweep,Lakshadweep,National Highway,Bus,719,765,161,Vehicle Defect,18:00-21:00,Wet,Daylight,Clear,Fatal,Four-Arm Junction,data.gov.in - Ministry of Road Transport & Highways
1421,2019,Dadra & Nagar Haveli,Dadra & Nagar Haveli,State Highway,Car/Jeep/Taxi,3401,6060,638,Wrong Side Driving,15:00-18:00,Flooded,Dusk/Dawn,Rainy,No Injury,No Junction,data.gov.in - Ministry of Road Transport & Highways
1422,2019,Meghalaya,Meghalaya,State Highway,Bus,10462,25314,3365,Fatigue/Sleep,15:00-18:00,Wet,Daylight,Cloudy,No Injury,Y-Junction,data.gov.in - Ministry of Road Transport & Highways
1423,2021,Goa,Goa,National Highway,Truck/Lorry,123,211,27,Jumping Red Light,18:00-21:00,Wet,Dark - Street Light On,Clear,Grievous Injury,Roundabout,data.gov.in - Ministry of Road Transport & Highways
1424,2021,Tripura,Tripura,City Roads,Two-Wheeler,5313,9572,775,Bad Road Condition,18:00-21:00,Dry,Dark - No Street Light,Rainy,No Injury,Four-Arm Junction,data.gov.in - Ministry of Road Transport & Highways
1425,2019,Uttar Pradesh,Noida,National Highway,Bicycle,4156,7471,573,Wrong Side Driving,15:00-18:00,Under Repair,Dark - No Street Light,Clear,Fatal,Y-Junction,data.gov.in - Ministry of Road Transport & Highways
1426,2021,Tripura,Tripura,City Roads,Car/Jeep/Taxi,4669,3992,1255,Drunk Driving,15:00-18:00,Wet,Dark - Street Light On,Foggy,Grievous Injury,Four-Arm Junction,data.gov.in - Ministry of Road Transport & Highways
1427,2021,Uttar Pradesh,Agra,National Highway,Car/Jeep/Taxi,7242,13330,1906,Jumping Red Light,12:00-15:00,Under Repair,Dusk/Dawn,Cloudy,Grievous Injury,Four-Arm Junction,data.gov.in - Ministry of Road Transport & Highways
1428,2021,Lakshadweep,Lakshadweep,State Highway,Car/Jeep/Taxi,5675,8639,1781,Wrong Side Driving,15:00-18:00,Flooded,Dusk/Dawn,Clear,Grievous Injury,T-Junction,data.gov.in - Ministry of Road Transport & Highways
1429,2019,Himachal Pradesh,Himachal Pradesh,Other Roads,Car/Jeep/Taxi,645,949,202,Use of Mobile Phone,00:00-06:00,Flooded,Dark - Street Light On,Foggy,Fatal,Four-Arm Junction,data.gov.in - Ministry of Road Transport & Highways
1430,2023,Goa,Goa,National Highway,Two-Wheeler,5312,9987,1251,Bad Road Condition,00:00-06:00,Under Repair,Dark - Street Light On,Clear,Minor Injury,Y-Junction,data.gov.in - Ministry of Road Transport & Highways
1431,2021,Arunachal Pradesh,Arunachal Pradesh,National Highway,Truck/Lorry,9037,15889,2965,Fatigue/Sleep,00:00-06:00,Wet,Dark - No Street Light,Clear,No Injury,Four-Arm Junction,data.gov.in - Ministry of Road Transport & Highways
1432,2023,Kerala,Thiruvananthapuram,City Roads,Others,3199,7334,311,Drunk Driving,06:00-09:00,Potholed,Dusk/Dawn,Misty,Minor Injury,No Junction,data.gov.in - Ministry of Road Transport & Highways
1433,2019,Odisha,Rourkela,City Roads,Car/Jeep/Taxi,6061,14345,519,Poor Weather Visibility,00:00-06:00,Dry,Dark - Street Light On,Misty,Minor Injury,T-Junction,data.gov.in - Ministry of Road Transport & Highways
1434,2021,Odisha,Cuttack,National Highway,Pedestrian,2755,2305,186,Bad Road Condition,06:00-09:00,Dry,Dark - No Street Light,Rainy,Grievous Injury,Four-Arm Junction,data.gov.in - Ministry of Road Transport & Highways
1435,2020,Rajasthan,Udaipur,Other Roads,Bicycle,7095,11572,816,Jumping Red Light,18:00-21:00,Potholed,Dark - No Street Light,Rainy,Grievous Injury,Y-Junction,data.gov.in - Ministry of Road Transport & Highways
1436,2023,Sikkim,Sikkim,Other Roads,Bicycle,293,437,25,Poor Weather Visibility,15:00-18:00,Flooded,Dusk/Dawn,Cloudy,Fatal,T-Junction,data.gov.in - Ministry of Road Transport & Highways
1437,2020,Himachal Pradesh,Himachal Pradesh,National Highway,Car/Jeep/Taxi,11758,18453,905,Poor Weather Visibility,00:00-06:00,Flooded,Dark - Street Light On,Clear,No Injury,T-Junction,data.gov.in - Ministry of Road Transport & Highways
1438,2023,Manipur,Manipur,Other Roads,Two-Wheeler,1096,1991,189,Use of Mobile Phone,18:00-21:00,Wet,Dark - No Street Light,Cloudy,Grievous Injury,No Junction,data.gov.in - Ministry of Road Transport & Highways
1439,2023,Himachal Pradesh,Himachal Pradesh,Expressway,Two-Wheeler,6142,6478,364,Bad Road Condition,15:00-18:00,Potholed,Dark - No Street Light,Rainy,Grievous Injury,Four-Arm Junction,data.gov.in - Ministry of Road Transport & Highways
1440,2023,Madhya Pradesh,Jabalpur,Other Roads,Bicycle,10104,22069,744,Tyre Burst,18:00-21:00,Under Repair,Dusk/Dawn,Misty,Minor Injury,T-Junction,data.gov.in - Ministry of Road Transport & Highways
1441,2019,Jammu & Kashmir,Srinagar,National Highway,Bus,11169,22210,3609,Drunk Driving,12:00-15:00,Wet,Dusk/Dawn,Foggy,Fatal,Y-Junction,data.gov.in - Ministry of Road Transport & Highways
1442,2021,Meghalaya,Meghalaya,Expressway,Car/Jeep/Taxi,3096,5321,500,Over Speeding,00:00-06:00,Dry,Daylight,Clear,No Injury,Y-Junction,data.gov.in - Ministry of Road Transport & Highways
1443,2019,Chandigarh,Chandigarh,Other Roads,Bus,10985,22615,2481,Use of Mobile Phone,15:00-18:00,Wet,Dusk/Dawn,Foggy,Minor Injury,Four-Arm Junction,data.gov.in - Ministry of Road Transport & Highways
1444,2022,Madhya Pradesh,Jabalpur,City Roads,Truck/Lorry,54,53,11,Wrong Side Driving,21:00-24:00,Dry,Daylight,Rainy,Grievous Injury,Roundabout,data.gov.in - Ministry of Road Transport & Highways
1445,2022,Karnataka,Hubli,State Highway,Auto-Rickshaw,3047,7076,245,Bad Road Condition,09:00-12:00,Wet,Dusk/Dawn,Foggy,Fatal,T-Junction,data.gov.in - Ministry of Road Transport & Highways
1446,2022,Dadra & Nagar Haveli,Dadra & Nagar Haveli,State Highway,Bus,7000,6978,1294,Use of Mobile Phone,12:00-15:00,Wet,Daylight,Clear,No Injury,T-Junction,data.gov.in - Ministry of Road Transport & Highways
1447,2020,Kerala,Kozhikode,National Highway,Pedestrian,4945,5906,915,Fatigue/Sleep,12:00-15:00,Potholed,Dark - No Street Light,Misty,Fatal,T-Junction,data.gov.in - Ministry of Road Transport & Highways
1448,2023,Gujarat,Vadodara,Expressway,Truck/Lorry,3275,3629,600,Tyre Burst,21:00-24:00,Wet,Daylight,Cloudy,No Injury,Roundabout,data.gov.in - Ministry of Road Transport & Highways
1449,2019,Uttarakhand,Uttarakhand,Expressway,Bus,3125,6922,690,Tyre Burst,15:00-18:00,Under Repair,Dark - Street Light On,Misty,Grievous Injury,T-Junction,data.gov.in - Ministry of Road Transport & Highways
1450,2022,Madhya Pradesh,Indore,National Highway,Pedestrian,4875,4522,680,Bad Road Condition,06:00-09:00,Flooded,Dark - No Street Light,Rainy,No Injury,No Junction,data.gov.in - Ministry of Road Transport & Highways
1451,2022,Jharkhand,Jharkhand,Other Roads,Truck/Lorry,6145,12567,1086,Bad Road Condition,00:00-06:00,Flooded,Dark - No Street Light,Clear,Minor Injury,No Junction,data.gov.in - Ministry of Road Transport & Highways
1452,2022,Tripura,Tripura,State Highway,Bicycle,11709,22056,2584,Tyre Burst,00:00-06:00,Flooded,Dark - Street Light On,Misty,Fatal,T-Junction,data.gov.in - Ministry of Road Transport & Highways
1453,2022,Meghalaya,Meghalaya,City Roads,Bicycle,6494,10913,1426,Improper Lane Changing,09:00-12:00,Dry,Dark - No Street Light,Foggy,Grievous Injury,Y-Junction,data.gov.in - Ministry of Road Transport & Highways
1454,2021,Punjab,Ludhiana,Other Roads,Auto-Rickshaw,1268,2570,153,Vehicle Defect,15:00-18:00,Flooded,Dark - Street Light On,Foggy,Fatal,T-Junction,data.gov.in - Ministry of Road Transport & Highways
1455,2020,Sikkim,Sikkim,Expressway,Truck/Lorry,2988,6674,340,Wrong Side Driving,18:00-21:00,Dry,Dark - Street Light On,Clear,Fatal,Roundabout,data.gov.in - Ministry of Road Transport & Highways
1456,2020,Jharkhand,Jharkhand,National Highway,Truck/Lorry,8341,19556,1617,Jumping Red Light,21:00-24:00,Potholed,Dark - Street Light On,Foggy,Minor Injury,T-Junction,data.gov.in - Ministry of Road Transport & Highways
1457,2020,Chhattisgarh,Raipur,City Roads,Two-Wheeler,4275,8847,679,Wrong Side Driving,09:00-12:00,Flooded,Dusk/Dawn,Cloudy,Grievous Injury,No Junction,data.gov.in - Ministry of Road Transport & Highways
1458,2019,Chandigarh,Chandigarh,State Highway,Truck/Lorry,2610,3957,392,Wrong Side Driving,00:00-06:00,Wet,Dark - Street Light On,Foggy,Grievous Injury,Roundabout,data.gov.in - Ministry of Road Transport & Highways
1459,2023,Tamil Nadu,Salem,State Highway,Two-Wheeler,9262,12079,639,Fatigue/Sleep,00:00-06:00,Under Repair,Daylight,Misty,Fatal,No Junction,data.gov.in - Ministry of Road Transport & Highways
1460,2020,Bihar,Muzaffarpur,City Roads,Truck/Lorry,1392,2672,140,Use of Mobile Phone,18:00-21:00,Under Repair,Dark - Street Light On,Rainy,Fatal,Roundabout,data.gov.in - Ministry of Road Transport & Highways
1461,2023,Odisha,Rourkela,Other Roads,Others,361,882,41,Vehicle Defect,15:00-18:00,Potholed,Dusk/Dawn,Clear,Grievous Injury,No Junction,data.gov.in - Ministry of Road Transport & Highways
1462,2022,Puducherry,Puducherry,Expressway,Auto-Rickshaw,2931,2464,392,Use of Mobile Phone,06:00-09:00,Flooded,Dark - No Street Light,Misty,No Injury,No Junction,data.gov.in - Ministry of Road Transport & Highways
1463,2020,Meghalaya,Meghalaya,National Highway,Bicycle,1130,1601,166,Use of Mobile Phone,09:00-12:00,Flooded,Dark - No Street Light,Clear,No Injury,Four-Arm Junction,data.gov.in - Ministry of Road Transport & Highways
1464,2021,Uttar Pradesh,Noida,City Roads,Car/Jeep/Taxi,5528,11696,432,Poor Weather Visibility,00:00-06:00,Under Repair,Dusk/Dawn,Cloudy,Fatal,Four-Arm Junction,data.gov.in - Ministry of Road Transport & Highways
1465,2023,Sikkim,Sikkim,State Highway,Bicycle,2807,3171,285,Vehicle Defect,00:00-06:00,Potholed,Dark - No Street Light,Misty,Fatal,T-Junction,data.gov.in - Ministry of Road Transport & Highways
1466,2022,Lakshadweep,Lakshadweep,National Highway,Two-Wheeler,4925,12283,896,Use of Mobile Phone,21:00-24:00,Dry,Daylight,Misty,Minor Injury,Four-Arm Junction,data.gov.in - Ministry of Road Transport & Highways
1467,2021,Chandigarh,Chandigarh,City Roads,Two-Wheeler,305,473,79,Jumping Red Light,15:00-18:00,Flooded,Dark - No Street Light,Foggy,Grievous Injury,Four-Arm Junction,data.gov.in - Ministry of Road Transport & Highways
1468,2023,Puducherry,Puducherry,Other Roads,Others,9830,18455,1609,Fatigue/Sleep,21:00-24:00,Potholed,Dark - No Street Light,Foggy,Fatal,Four-Arm Junction,data.gov.in - Ministry of Road Transport & Highways
1469,2019,Bihar,Gaya,National Highway,Truck/Lorry,4487,8949,640,Bad Road Condition,09:00-12:00,Dry,Dusk/Dawn,Rainy,No Injury,T-Junction,data.gov.in - Ministry of Road Transport & Highways
1470,2023,Goa,Goa,State Highway,Bicycle,5522,10403,594,Jumping Red Light,21:00-24:00,Wet,Dusk/Dawn,Clear,Grievous Injury,T-Junction,data.gov.in - Ministry of Road Transport & Highways
1471,2021,Bihar,Patna,Other Roads,Bicycle,8303,17838,1608,Over Speeding,09:00-12:00,Dry,Daylight,Rainy,Grievous Injury,Y-Junction,data.gov.in - Ministry of Road Transport & Highways
1472,2019,Lakshadweep,Lakshadweep,National Highway,Others,6767,7427,365,Over Speeding,18:00-21:00,Dry,Dark - Street Light On,Foggy,No Injury,Y-Junction,data.gov.in - Ministry of Road Transport & Highways
1473,2019,West Bengal,Asansol,Expressway,Pedestrian,2933,7100,183,Use of Mobile Phone,12:00-15:00,Potholed,Dark - Street Light On,Misty,Minor Injury,T-Junction,data.gov.in - Ministry of Road Transport & Highways
1474,2022,Sikkim,Sikkim,National Highway,Auto-Rickshaw,7550,12496,396,Tyre Burst,09:00-12:00,Dry,Daylight,Cloudy,Grievous Injury,Y-Junction,data.gov.in - Ministry of Road Transport & Highways
1475,2021,Sikkim,Sikkim,Expressway,Others,6730,8212,1877,Drunk Driving,00:00-06:00,Under Repair,Dark - Street Light On,Cloudy,No Injury,Roundabout,data.gov.in - Ministry of Road Transport & Highways
1476,2020,Lakshadweep,Lakshadweep,Expressway,Bicycle,5610,13277,1454,Use of Mobile Phone,06:00-09:00,Under Repair,Daylight,Cloudy,Fatal,Four-Arm Junction,data.gov.in - Ministry of Road Transport & Highways
1477,2023,Lakshadweep,Lakshadweep,Expressway,Others,11252,19328,3346,Fatigue/Sleep,06:00-09:00,Flooded,Dark - Street Light On,Rainy,Fatal,T-Junction,data.gov.in - Ministry of Road Transport & Highways
1478,2022,Goa,Goa,State Highway,Others,5451,8096,1199,Drunk Driving,09:00-12:00,Wet,Dark - No Street Light,Cloudy,Fatal,Y-Junction,data.gov.in - Ministry of Road Transport & Highways
1479,2020,Goa,Goa,Other Roads,Two-Wheeler,11489,25731,4002,Bad Road Condition,18:00-21:00,Flooded,Daylight,Clear,Grievous Injury,No Junction,data.gov.in - Ministry of Road Transport & Highways
1480,2020,Assam,Guwahati,Other Roads,Bus,1356,2149,84,Poor Weather Visibility,09:00-12:00,Flooded,Dusk/Dawn,Foggy,Minor Injury,Four-Arm Junction,data.gov.in - Ministry of Road Transport & Highways
1481,2021,Dadra & Nagar Haveli,Dadra & Nagar Haveli,National Highway,Two-Wheeler,103,99,32,Improper Lane Changing,15:00-18:00,Wet,Dark - No Street Light,Rainy,Fatal,No Junction,data.gov.in - Ministry of Road Transport & Highways
1482,2020,Uttar Pradesh,Lucknow,National Highway,Bus,9083,8602,2362,Bad Road Condition,12:00-15:00,Potholed,Daylight,Cloudy,Fatal,No Junction,data.gov.in - Ministry of Road Transport & Highways
1483,2023,Haryana,Rohtak,Expressway,Bus,9357,19818,3030,Drunk Driving,15:00-18:00,Flooded,Daylight,Cloudy,No Injury,Four-Arm Junction,data.gov.in - Ministry of Road Transport & Highways
1484,2023,Kerala,Kochi,State Highway,Bicycle,7655,9840,1441,Improper Lane Changing,21:00-24:00,Flooded,Dusk/Dawn,Cloudy,Minor Injury,Roundabout,data.gov.in - Ministry of Road Transport & Highways
1485,2020,Haryana,Rohtak,City Roads,Two-Wheeler,4969,12234,1073,Over Speeding,21:00-24:00,Potholed,Dark - Street Light On,Rainy,Fatal,Roundabout,data.gov.in - Ministry of Road Transport & Highways
1486,2020,West Bengal,Howrah,State Highway,Auto-Rickshaw,4870,8545,1494,Wrong Side Driving,09:00-12:00,Potholed,Dark - No Street Light,Rainy,No Injury,Roundabout,data.gov.in - Ministry of Road Transport & Highways
1487,2020,Manipur,Manipur,Other Roads,Two-Wheeler,590,664,97,Poor Weather Visibility,00:00-06:00,Flooded,Dusk/Dawn,Clear,No Injury,T-Junction,data.gov.in - Ministry of Road Transport & Highways
1488,2021,Maharashtra,Pune,City Roads,Bicycle,8465,17155,2825,Drunk Driving,12:00-15:00,Under Repair,Dark - No Street Light,Misty,Fatal,Y-Junction,data.gov.in - Ministry of Road Transport & Highways
1489,2019,Haryana,Faridabad,State Highway,Car/Jeep/Taxi,2089,4333,651,Drunk Driving,21:00-24:00,Dry,Dark - Street Light On,Cloudy,Minor Injury,No Junction,data.gov.in - Ministry of Road Transport & Highways
1490,2023,Telangana,Warangal,Expressway,Pedestrian,257,364,53,Vehicle Defect,09:00-12:00,Dry,Dark - No Street Light,Rainy,Grievous Injury,Four-Arm Junction,data.gov.in - Ministry of Road Transport & Highways
1491,2019,Delhi,East Delhi,Other Roads,Car/Jeep/Taxi,4038,6992,1010,Improper Lane Changing,00:00-06:00,Flooded,Dusk/Dawn,Rainy,Grievous Injury,Y-Junction,data.gov.in - Ministry of Road Transport & Highways
1492,2023,Sikkim,Sikkim,Other Roads,Two-Wheeler,8032,7717,1054,Poor Weather Visibility,21:00-24:00,Potholed,Dusk/Dawn,Cloudy,Minor Injury,No Junction,data.gov.in - Ministry of Road Transport & Highways
1493,2021,Maharashtra,Pune,Other Roads,Bicycle,11890,13414,983,Improper Lane Changing,18:00-21:00,Wet,Dark - No Street Light,Clear,Grievous Injury,Y-Junction,data.gov.in - Ministry of Road Transport & Highways
1494,2020,Assam,Dibrugarh,National Highway,Bus,3622,7200,278,Jumping Red Light,15:00-18:00,Flooded,Daylight,Cloudy,Fatal,Four-Arm Junction,data.gov.in - Ministry of Road Transport & Highways
1495,2020,Meghalaya,Meghalaya,Expressway,Bicycle,6648,9897,2059,Over Speeding,09:00-12:00,Dry,Daylight,Clear,Grievous Injury,T-Junction,data.gov.in - Ministry of Road Transport & Highways
1496,2021,Maharashtra,Nashik,Other Roads,Car/Jeep/Taxi,7224,12701,1221,Jumping Red Light,09:00-12:00,Dry,Dark - No Street Light,Foggy,Grievous Injury,T-Junction,data.gov.in - Ministry of Road Transport & Highways
1497,2022,Kerala,Thrissur,Expressway,Bus,11071,10455,3229,Over Speeding,15:00-18:00,Dry,Dusk/Dawn,Rainy,Grievous Injury,Roundabout,data.gov.in - Ministry of Road Transport & Highways
1498,2021,Tripura,Tripura,Expressway,Others,5451,7820,1241,Wrong Side Driving,15:00-18:00,Wet,Dusk/Dawn,Rainy,Fatal,T-Junction,data.gov.in - Ministry of Road Transport & Highways
1499,2022,Punjab,Jalandhar,Expressway,Others,8540,10603,1349,Tyre Burst,15:00-18:00,Potholed,Dusk/Dawn,Misty,Minor Injury,No Junction,data.gov.in - Ministry of Road Transport & Highways
1500,2019,Jharkhand,Jharkhand,City Roads,Others,5258,8799,1758,Jumping Red Light,21:00-24:00,Potholed,Daylight,Clear,Grievous Injury,Y-Junction,data.gov.in - Ministry of Road Transport & Highways